Cluster, Core, Core_max, Core_median, Acc, Acc_max, Acc_median
344,6.161279582039825e-05,6.16127958204e-05,6.161279582039825e-05,0.0061717313149092234,0.00617173131491,0.0061717313149092234
345,0.0003751355511940613,0.000375135551194,0.0003751355511940613,0.004820037015017653,0.00482003701502,0.004820037015017653
346,0.0005798427370493631,0.000579842737049,0.0005798427370493631,0.05542604426476927,0.0554260442648,0.05542604426476927
347,0.0002836539836658103,0.000283653983666,0.0002836539836658103,0.10229283288994617,0.10229283289,0.10229283288994617
340,0.00016410678918543642,0.000164106789185,0.00016410678918543642,0.0004911265001977805,0.000491126500198,0.0004911265001977805
341,3.14354145892759e-05,3.14354145893e-05,3.14354145892759e-05,0.025985644606819736,0.0259856446068,0.025985644606819736
342,6.0274511121671814e-05,6.02745111217e-05,6.0274511121671814e-05,9.460335836508627e-05,9.46033583651e-05,9.460335836508627e-05
343,0.0006477575593771823,0.000647757559377,0.0006477575593771823,0.07100958126354961,0.0710095812635,0.07100958126354961
348,0.0007151992631722059,0.000715199263172,0.0007151992631722059,0.06720553803487805,0.0672055380349,0.06720553803487805
349,6.690127620889719e-05,6.69012762089e-05,6.690127620889719e-05,0.0001759526497201458,0.00017595264972,0.0001759526497201458
298,0.00036914072072306386,0.00055942448232,0.0005289377985198129,0.031788040182622046,0.0456942372273,0.03578051471351418
299,0.0005898695635221755,0.000937939349671,0.0008315470345182652,0.05881731193409345,0.0712265062286,0.0660065964438118
296,2.428442047045879e-06,3.81546866068e-06,2.0808624451307267e-06,0.033236947789637004,0.0492287024857,0.033432006196782216
297,0.000811228026024254,0.00125129765978,0.0011145273057887595,0.07719834860923298,0.114488673715,0.10122706701173101
294,0.0002641697827397242,0.000443869733417,0.00033588048565413864,0.04506566192756071,0.0501746840288,0.044394783845411734
295,0.0007282113615814471,0.000987869923122,0.0008302993219155841,0.054949941439269935,0.0709288005014,0.06714318701883393
292,0.00029780264693364994,0.000440791699657,0.0002771747519291212,0.01736617493663206,0.0245212335118,0.02042553388518087
293,0.0006305242145708453,0.000921161903344,0.0008253031140508238,0.08271422482562396,0.124898810175,0.11402823736313972
290,0.00035000422914418145,0.000475183177534,0.0003157966051650085,0.07831410086062289,0.119072713487,0.11361270542686319
291,0.00035664901221462336,0.000430587712276,0.00038788353518415253,0.03874107230776269,0.0558352188843,0.03972267928531337
199,0.0006388386352622954,0.00105406896871,0.0006732772307131429,0.050254996614529125,0.0727200965982,0.05267346652965266
198,0.001304551097045048,0.00199179731558,0.001623207164365592,0.05372019164396922,0.0719935400156,0.06383607118813517
195,5.486752753802726e-07,1.22070237996e-06,6.023696894619235e-07,0.016386348104670868,0.0348802771183,0.009776892457673991
194,0.0007877101396998265,0.00146735549957,0.0006055326814545237,0.0512832410488277,0.0882975618142,0.05327920593774549
197,0.00012562616994749032,0.000319359925033,0.00010052568051555077,0.009874007383288919,0.0227238146846,0.0023359799328834807
196,0.0005824505187393525,0.000868608867824,0.000681225304448696,0.0657397358587134,0.0866770628475,0.07234886929924556
191,0.0005624907379416788,0.00108121718867,0.0005282927302078799,0.050128786310674335,0.0734905974032,0.05185695736362017
190,0.0010307507661841187,0.0018318522062,0.001308291182806287,0.09757994650017297,0.145783226669,0.10640345312229177
193,0.00042095988965585863,0.000887276027976,0.0003649929069097224,0.05561590755435859,0.0921477664052,0.06076925451249604
192,0.0004501645138507593,0.00084686183837,0.0004684814657804348,0.027195039817716482,0.0369003127897,0.028955357472792376
270,0.0006934336114818862,0.00103972327766,0.001037697796399839,0.07617088997789456,0.114029820741,0.11239178055730059
271,0.00040604936237180017,0.000500369407885,0.0004677306467448794,0.05219158100855237,0.0707681451616,0.06496469258875859
272,0.0014027013065014415,0.00181320309253,0.0012968677244798998,0.06566257029041245,0.0883395098713,0.05574376139558923
273,0.0006920417734707455,0.00129027626657,0.0007858454274504156,0.0738804140475084,0.0896527326207,0.07992588056777383
274,0.00029820481035403024,0.000446696864341,0.00044669686434106737,0.07390589785251926,0.110858846779,0.11085884677877278
275,1.2207023799559735e-06,1.22070237996e-06,1.2207023799559735e-06,1.2212453270876722e-14,1.22124532709e-14,1.2212453270876722e-14
276,0.0003810159387409214,0.000570913556921,0.0005709135569214041,0.059267124859936425,0.0889006872899,0.08890068728989853
277,0.0002938222596869193,0.00044012303834,0.0004401230383404009,0.038831161904758625,0.0582467428571,0.05824674285713183
278,0.0008901251976754695,0.00121497761829,0.000995177924812518,0.07226125574010016,0.110386123143,0.10639764407601571
279,0.0008122409532059042,0.00121775107862,0.0012177510786188783,0.05269092813470729,0.0790363922021,0.07903639220205483
449,0.0008820265091759039,0.000882026509176,0.0008820265091759039,0.09791692413271669,0.0979169241327,0.09791692413271669
448,2.0567077021249602e-05,2.05670770212e-05,2.0567077021249602e-05,0.01745567873492271,0.0174556787349,0.01745567873492271
443,0.0012081690136666046,0.00120816901367,0.0012081690136666046,0.11164848511230152,0.111648485112,0.11164848511230152
442,0.0005173886505418501,0.000517388650542,0.0005173886505418501,0.008240647727405515,0.00824064772741,0.008240647727405515
441,6.477196130239005e-05,6.47719613024e-05,6.477196130239005e-05,0.0691748874648016,0.0691748874648,0.0691748874648016
440,0.00035626385491682733,0.000356263854917,0.00035626385491682733,0.055279580946842266,0.0552795809468,0.055279580946842266
447,0.0008558267731997304,0.0008558267732,0.0008558267731997304,0.10096223745621724,0.100962237456,0.10096223745621724
446,0.00045297159789026153,0.00045297159789,0.00045297159789026153,0.10613598463479457,0.106135984635,0.10613598463479457
445,5.357815854312165e-07,5.35781585431e-07,5.357815854312165e-07,0.00014713919633146944,0.000147139196331,0.00014713919633146944
444,1.2473299892956646e-05,1.2473299893e-05,1.2473299892956646e-05,0.02352796157041448,0.0235279615704,0.02352796157041448
108,0.0007934319204639292,0.0017936412113,0.0007027945454884388,0.07911787945102063,0.138697001032,0.08191816903415544
109,0.0012068329134665866,0.00242692945681,0.0014999381737576534,0.0589466796926188,0.0932143514262,0.07212311736973875
102,0.0005320952240246004,0.00214833688,0.00035196541131432557,0.06560421258842196,0.147952702564,0.08348222656865067
103,5.520153178056258e-06,2.758279528e-05,3.277135272039544e-07,0.03637720255505908,0.101843884345,0.0026211725246076956
100,0.0006919467905835309,0.00164921096967,0.0006294646199428433,0.0703215157154379,0.132773739479,0.06677478858370023
101,0.0006954052677398052,0.00151901495332,0.0005315952445206218,0.06825933498721072,0.111760931692,0.07217015069003874
106,0.0006244517470486957,0.00120724307307,0.0007058061216284606,0.09263670195325763,0.140439222855,0.10929984379346658
107,0.0004162976797225721,0.00138841495298,0.0003218658637458849,0.04062374870834913,0.106651994965,0.03089109011800084
104,0.00158407889197959,0.00288376239654,0.0017165328323182627,0.09296285817192664,0.133699536522,0.10863845300375374
105,0.0004902566737717397,0.00135838558045,0.00040207668330005664,0.08515306110394028,0.125487390076,0.0994787085672515
39,0.0006526678446292677,0.00271023522123,0.00035505457936413354,0.04490688610952295,0.149328193341,0.0312762679597689
38,0.0005050328437690852,0.0028413092964,0.000406111237542639,0.06485077013817325,0.19345002198,0.05495193335892956
33,0.0007449100883991275,0.0020153368592,0.000706827669510024,0.08436130513337992,0.163618409874,0.08446564356353953
32,0.001357794612201877,0.00259436512275,0.001560874162690018,0.10457740373730799,0.214030866224,0.11206591095469909
31,0.0008988307725834261,0.00233279581048,0.0009119603843237845,0.07883253304419408,0.20191277145,0.07695837800062783
30,0.001109745603758688,0.00273981230914,0.0011660813073495202,0.06352083165759972,0.163878983988,0.06090218498868227
37,0.0009110635762171763,0.00235424538659,0.0009138179328936347,0.10636839489617371,0.183192269712,0.11452575642442453
36,0.0009787475545719195,0.00182169509351,0.0010039679073075014,0.060386789715341234,0.128824920657,0.0596566083274957
35,0.0005984133961765423,0.00159690953138,0.0005557947812175335,0.09150666278325467,0.197910564083,0.10156674668200755
34,0.0015009086379773188,0.00304006630076,0.0015688164497609791,0.11813215276060603,0.230542527646,0.11857981574346116
438,0.00029986684717531187,0.000299866847175,0.00029986684717531187,0.0605031800795407,0.0605031800795,0.0605031800795407
439,0.0002208125046847531,0.000220812504685,0.0002208125046847531,0.07372655316929522,0.0737265531693,0.07372655316929522
436,0.0008788687433741726,0.000878868743374,0.0008788687433741726,0.11356447291637328,0.113564472916,0.11356447291637328
437,4.116184542657386e-06,4.11618454266e-06,4.116184542657386e-06,0.03858594224428902,0.0385859422443,0.03858594224428902
434,5.5391586700759277e-05,5.53915867008e-05,5.5391586700759277e-05,0.08316463612251934,0.0831646361225,0.08316463612251934
435,1.3581641252757848e-06,1.35816412528e-06,1.3581641252757848e-06,0.01664816372825917,0.0166481637283,0.01664816372825917
432,3.485655247192909e-05,3.48565524719e-05,3.485655247192909e-05,0.017679017973986855,0.017679017974,0.017679017973986855
433,0.0011343799572225421,0.00113437995722,0.0011343799572225421,0.06580950158944698,0.0658095015894,0.06580950158944698
430,8.757717170781998e-05,8.75771717078e-05,8.757717170781998e-05,0.006894986161086747,0.00689498616109,0.006894986161086747
431,0.00016504469852796078,0.000165044698528,0.00016504469852796078,0.004544927984075131,0.00454492798408,0.004544927984075131
339,5.440092820663267e-15,5.44009282066e-15,5.440092820663267e-15,0.012080123862525438,0.0120801238625,0.012080123862525438
338,0.000997600588816705,0.000997600588817,0.000997600588816705,0.03926892607154975,0.0392689260715,0.03926892607154975
335,5.461456606958848e-07,5.46145660696e-07,5.461456606958848e-07,0.014247311866405932,0.0142473118664,0.014247311866405932
334,0.0014389331852856513,0.00143893318529,0.0014389331852856513,0.07704882532039103,0.0770488253204,0.07704882532039103
337,0.00019048540463395547,0.000190485404634,0.00019048540463395547,0.015489420617879945,0.0154894206179,0.015489420617879945
336,0.0011860876415925592,0.00118608764159,0.0011860876415925592,0.07162238818380962,0.0716223881838,0.07162238818380962
331,0.0010821232873412523,0.00108212328734,0.0010821232873412523,0.08342074247376963,0.0834207424738,0.08342074247376963
330,9.435178784933385e-07,9.43517878493e-07,9.435178784933385e-07,0.0048375870698988965,0.0048375870699,0.0048375870698988965
333,6.74483138444204e-05,6.74483138444e-05,6.74483138444204e-05,0.002807388799347388,0.00280738879935,0.002807388799347388
332,4.7790282375892446e-05,4.77902823759e-05,4.7790282375892446e-05,0.010806194098421762,0.0108061940984,0.010806194098421762
6,0.0012783485783533796,0.00321282793558,0.0012993830944149076,0.07289456290721953,0.192054719067,0.06903895333428933
99,0.0010108097281034936,0.00166647694546,0.001050145199159025,0.10819180261110042,0.189112031864,0.11709975442471243
98,0.0011543365351121338,0.00180340179463,0.0012572644735689975,0.11697397748155532,0.157765595968,0.12689432829878677
91,0.0007263449104591858,0.00147522646534,0.0007441732183695038,0.07061981310633574,0.143683461194,0.07007865329879703
90,0.00027885737917903363,0.000673462906019,0.0002682646570031366,0.08016728719534216,0.125348658161,0.08539651403339665
93,0.0007885332006413796,0.00186514675027,0.0007871346206538288,0.09580343442654861,0.163216932497,0.11156240050878996
92,0.0011161331376762472,0.00235685024681,0.0011552837711975572,0.12215323895845924,0.172964324479,0.12424309519460464
95,0.0007914697761369045,0.00142753517706,0.0008685650089904629,0.0811025815556435,0.119203485668,0.08505819516811064
94,0.0006876474860371956,0.00118919383245,0.0007365015681592979,0.10740961482155466,0.177650503071,0.12531408692195123
97,0.0013492320904451213,0.00245573986919,0.0014690547964549827,0.0913519189216273,0.167560245436,0.09276716429348908
96,0.0002707616676861167,0.000592963838459,0.000242911467866036,0.025276865753742522,0.0511906810289,0.027869356040692406
238,0.0002765034240527579,0.000668429933527,0.00024734247710228585,0.04524719440699426,0.0650035961197,0.0553191320845855
239,0.0006409535907728747,0.00106559302218,0.000650130285223649,0.10140444520375895,0.132340431172,0.09950977308079734
234,0.0002728788973838288,0.000485237066589,0.0003085509114295615,0.04810662577792215,0.0692800269897,0.04882081617983458
235,0.0008841358789658896,0.00135739402429,0.001200318191130867,0.046193793913340685,0.0688524367469,0.06803420758115075
236,0.0008847613305907146,0.00114589696313,0.0009556043676561266,0.08076517114226202,0.113165781707,0.08182837191946152
237,0.0002980678045528262,0.000510843134769,0.00026858996577450167,0.04165663062177324,0.0629995852474,0.061970306617086135
230,0.00033926257325176773,0.000539269106988,0.0003492769720688238,0.03964458952522296,0.0596368279067,0.042467793280568156
231,0.001481658057344552,0.00216658328854,0.0015562594286314124,0.08162983193296064,0.109162156236,0.10319954214386456
232,0.00048048620298322503,0.000729830561725,0.0004461966335412293,0.04317289911007336,0.0680071535189,0.05154792856715423
233,0.0013773845655291421,0.00158402232932,0.001367678775236636,0.06370061442069612,0.0752149920125,0.06478760060718092
1,0.0008359281996454964,0.00412176532752,0.0008347197721816357,0.06151941747869487,0.265596431753,0.05776695685665889
146,0.0004412722526666579,0.00107772108714,0.0003641332430835975,0.06620511477794089,0.191331886737,0.06309424597653412
147,0.0004167954009565473,0.000853735291567,0.00041719318739574796,0.04787251281349263,0.0795754032169,0.047437446444207776
144,0.001202624632912425,0.00205987355725,0.0014574900555750503,0.07698080158947189,0.145947326998,0.09217377012017869
145,0.0008763164136915638,0.0016250118541,0.0009032139090151547,0.07804655249351267,0.112679037169,0.09644010055269903
142,0.0002940680356483062,0.000945432819198,0.00015118248118783928,0.040018084143157405,0.0875525209519,0.035335520714317226
143,0.0006797558429599467,0.00111805810487,0.0006962870131228538,0.04631539174404116,0.0685058291012,0.049327120873388974
140,0.0007394224668795827,0.00156790197476,0.0007036263885324967,0.0987855666068247,0.170990237949,0.10653945847118373
141,0.0018322268389708903,0.00289763409223,0.001792967119982336,0.10164023567209687,0.144182555697,0.10220323785804619
148,0.00027972688189084475,0.000778623316543,0.0001712202444816846,0.03708695506838252,0.122088486758,0.00503767938098032
149,0.000716424820476728,0.000923282159353,0.0008227256015781448,0.060356519259855544,0.0971096596308,0.06672521609648974
133,0.0008912868156044904,0.00173350293116,0.0008878920132465717,0.10004201963973774,0.13283791409,0.09964057487148992
132,0.0002686706485330116,0.00071358197827,9.528078761211756e-05,0.041710350130480175,0.102961180851,0.029161197188842136
131,0.0004392846038132693,0.000872033204786,0.0005099101475584678,0.07569363450300234,0.157570840346,0.07225989585010428
130,3.110452808027401e-05,4.437426163e-05,3.111236404879092e-05,4.4437713155491355e-05,0.000520786254761,2.456368441983159e-13
137,0.0002471157437285405,0.000620326077527,0.00024082304622707884,0.00845701197134446,0.0290319803801,0.004523022009856548
136,0.0011558297524749896,0.00176825086914,0.0011578969862648947,0.09560215964101125,0.135329027711,0.10775680924811304
135,0.0006787547857888583,0.00129685533546,0.0008068672871512916,0.08278799129305826,0.147551412916,0.07815227981597495
134,0.0007610246753825637,0.00131791818753,0.0007091057276384927,0.11249174590930174,0.16856552495,0.11302236864050741
494,9.052778553053642e-05,9.05277855305e-05,9.052778553053642e-05,0.002355078558701318,0.0023550785587,0.002355078558701318
495,8.116454924078642e-05,8.11645492408e-05,8.116454924078642e-05,0.054039982278835885,0.0540399822788,0.054039982278835885
139,0.0008301398276982111,0.00138406070129,0.0007485701543502588,0.0734787830127318,0.115913276638,0.07257736723323882
138,0.0006004507320613227,0.00141763687382,0.0005065291033512498,0.09027411868803219,0.147599932038,0.11053509173980303
490,0.0003234572498360677,0.000323457249836,0.0003234572498360677,0.02330746418206242,0.0233074641821,0.02330746418206242
491,0.00018188290275389374,0.000181882902754,0.00018188290275389374,0.004644711402906121,0.00464471140291,0.004644711402906121
492,0.00034739640642489356,0.000347396406425,0.00034739640642489356,0.013953995309755274,0.0139539953098,0.013953995309755274
493,0.00030982025944414904,0.000309820259444,0.00030982025944414904,0.04412037577726069,0.0441203757773,0.04412037577726069
24,0.0007424292107342292,0.00287090056662,0.0007106326644205074,0.09095074208573406,0.244996323557,0.08114665146119993
25,0.0011280063613334833,0.00271952135117,0.0011978956507502359,0.1230445962676226,0.24979466803,0.12358362289121416
26,0.0013387735818892275,0.00299506456604,0.0013337392739428688,0.11917249605303444,0.224583721901,0.1212492545215943
27,0.001179473607133165,0.00295373169205,0.0014278750937911089,0.07536004506537977,0.168434352585,0.07962826096705206
20,0.0007097921337973328,0.00242308534811,0.000643733962398918,0.07501634233746973,0.160330659229,0.07340515919241897
21,0.00028216240418680314,0.000786639102279,0.00023215922091202046,0.023828651990852486,0.0704776521279,0.018722215730768155
22,0.0012592820550780335,0.0032931939643,0.0012775422138152637,0.09562597748038254,0.191559013207,0.09690872400295314
23,0.0002358679453826824,0.00213878441792,9.088980797700152e-05,0.10385169990977938,0.207300728864,0.10991872896526772
28,0.000767920601392494,0.00256416059308,0.0006866659195139402,0.06520061779368566,0.189489273389,0.056687416815041525
29,0.0013898414622124553,0.00261018992249,0.0014987652636153648,0.10484044268513269,0.209885012895,0.1077965731460736
407,0.0006800811369020998,0.000680081136902,0.0006800811369020998,0.018468584073408456,0.0184685840734,0.018468584073408456
406,1.3687058969535926e-06,1.36870589695e-06,1.3687058969535926e-06,0.0037475018408736904,0.00374750184087,0.0037475018408736904
405,0.0003069761017939765,0.000306976101794,0.0003069761017939765,0.015936550499237034,0.0159365504992,0.015936550499237034
404,2.5413681670971577e-05,2.5413681671e-05,2.5413681670971577e-05,0.004413086905330266,0.00441308690533,0.004413086905330266
403,1.215763667516967e-08,1.21576366752e-08,1.215763667516967e-08,0.08556626277761503,0.0855662627776,0.08556626277761503
402,7.7447638814232e-05,7.74476388142e-05,7.7447638814232e-05,0.0049521681109921944,0.00495216811099,0.0049521681109921944
401,2.0313926148207706e-05,2.03139261482e-05,2.0313926148207706e-05,2.7200464103316335e-14,2.72004641033e-14,2.7200464103316335e-14
400,0.0004466049047074927,0.000446604904707,0.0004466049047074927,0.07892167026374675,0.0789216702637,0.07892167026374675
409,0.0003131451950534325,0.000313145195053,0.0003131451950534325,0.025203212127201224,0.0252032121272,0.025203212127201224
408,5.6075644787600964e-06,5.60756447876e-06,5.6075644787600964e-06,0.016707889905351436,0.0167078899054,0.016707889905351436
379,0.00020259941103772938,0.000202599411038,0.00020259941103772938,0.09151698844231637,0.0915169884423,0.09151698844231637
378,7.232990793226701e-05,7.23299079323e-05,7.232990793226701e-05,5.198064201294983e-13,5.19806420129e-13,5.198064201294983e-13
371,2.9527843725674074e-07,2.95278437257e-07,2.9527843725674074e-07,0.052213815698552435,0.0522138156986,0.052213815698552435
370,0.00047936676820037327,0.0004793667682,0.00047936676820037327,0.0766195988090389,0.076619598809,0.0766195988090389
373,0.00040455557478813464,0.000404555574788,0.00040455557478813464,0.0017339273070292593,0.00173392730703,0.0017339273070292593
372,0.00012406441877577112,0.000124064418776,0.00012406441877577112,0.0010500314474842787,0.00105003144748,0.0010500314474842787
375,0.0005607175939459363,0.000560717593946,0.0005607175939459363,0.0915632415793316,0.0915632415793,0.0915632415793316
374,0.000784701165931212,0.000784701165931,0.000784701165931212,0.06415977944332041,0.0641597794433,0.06415977944332041
377,0.00019978994299185704,0.000199789942992,0.00019978994299185704,0.00964289877491531,0.00964289877492,0.00964289877491531
376,0.0012212844705459247,0.00122128447055,0.0012212844705459247,0.08202037040573562,0.0820203704057,0.08202037040573562
393,5.347623569851301e-06,5.34762356985e-06,5.347623569851301e-06,0.008953087816592431,0.00895308781659,0.008953087816592431
392,0.0001668530840494009,0.000166853084049,0.0001668530840494009,0.017514812709934602,0.0175148127099,0.017514812709934602
391,0.0007265471649934296,0.000726547164993,0.0007265471649934296,0.10273590493320017,0.102735904933,0.10273590493320017
390,0.00026230989052877796,0.000262309890529,0.00026230989052877796,0.015119902669552543,0.0151199026696,0.015119902669552543
397,6.543092718258592e-05,6.54309271826e-05,6.543092718258592e-05,0.01295200282902731,0.012952002829,0.01295200282902731
396,0.0001919140902395533,0.00019191409024,0.0001919140902395533,0.00522865368746428,0.00522865368746,0.00522865368746428
395,1.9524794248049204e-07,1.9524794248e-07,1.9524794248049204e-07,0.014335742885179692,0.0143357428852,0.014335742885179692
394,0.00020444655913010035,0.00020444655913,0.00020444655913010035,0.0004877136114909142,0.000487713611491,0.0004877136114909142
82,0.00116313537251762,0.00245934581863,0.00136115084907662,0.10702575047794582,0.162653579314,0.11185066403290611
83,0.00037886366528435604,0.00203607303985,0.0001400472818196552,0.040112037889984097,0.142623034797,0.024414564827979435
80,0.001331762989165043,0.00236479330945,0.0013752815022741727,0.13347890299080298,0.188165212351,0.13691829693121071
81,0.0006413012421044397,0.00184591117748,0.0003992750925448929,0.06361982167590173,0.112166454181,0.06094869682233439
86,0.0004466342430533431,0.00135323855642,0.0004149831059085951,0.0827502079329267,0.150619915725,0.09172486068229241
87,0.0008919163150140529,0.00140506179774,0.0009196240222516527,0.07802982920244715,0.12537145722,0.09516231626598637
84,0.0007926782461205467,0.0013846621075,0.0008337628081425685,0.06495964823132654,0.105954068628,0.0666009295567977
85,0.0006158832259366705,0.00140634998457,0.0005538939352047745,0.040868606289755784,0.0849304262039,0.04051184028426286
7,0.0013494911457292676,0.00399733070586,0.0013228309558751539,0.11625863414458383,0.280614478908,0.11505753566457766
245,0.00022170413442929027,0.000517651543161,0.00017000444669140746,0.08305926536490504,0.138881739302,0.08795293346333294
244,0.00019466627291140717,0.000309632588387,0.0001478153443830177,0.01017575251821784,0.0194833798372,0.010224249242123118
247,0.0012441118954825137,0.0020847959508,0.0013348336122657178,0.06879927945305203,0.104256230189,0.07696918767165284
246,0.0005597975662357535,0.000840935067985,0.0007138968645306054,0.027272841829479883,0.0431415850455,0.02982893285543542
241,0.0007897117526931193,0.00116449877578,0.0009676774779521224,0.0815253856775479,0.121056054374,0.0891082124125574
240,0.0009074245337280148,0.00135446528853,0.0013464403533773872,0.0724774069067361,0.108394993503,0.10828434734459769
243,0.0011078462761896501,0.00155579097206,0.00117141099785395,0.05917790483109627,0.07228708898,0.06482674862810933
242,0.0005056724341974128,0.000676743720484,0.0004885525856309636,0.04486478140013641,0.0672337011319,0.04562567752069141
249,0.0006903226765935614,0.0010295059974,0.0007208502615393408,0.07866565168874627,0.133324895164,0.08025488057177649
248,0.0012312704217913122,0.00200043884596,0.0011702932953361889,0.061998034549721505,0.0895595644571,0.06712511612800953
519,3.0357452293405807e-05,3.03574522934e-05,3.0357452293405807e-05,0.00045200864735917,0.000452008647359,0.00045200864735917
518,3.3383059428016004e-05,3.3383059428e-05,3.3383059428016004e-05,3.3373304120232206e-13,3.33733041202e-13,3.3373304120232206e-13
511,0.0003473172038106487,0.000347317203811,0.0003473172038106487,0.012240494275439384,0.0122404942754,0.012240494275439384
510,1.2207023799559735e-06,1.22070237996e-06,1.2207023799559735e-06,1.2212453270876722e-14,1.22124532709e-14,1.2212453270876722e-14
513,4.214451285244891e-05,4.21445128524e-05,4.214451285244891e-05,0.0033524426116904316,0.00335244261169,0.0033524426116904316
512,6.406796034785778e-05,6.40679603479e-05,6.406796034785778e-05,0.0007047440136596084,0.00070474401366,0.0007047440136596084
515,0.0003212297162072941,0.000321229716207,0.0003212297162072941,0.006268070142305571,0.00626807014231,0.006268070142305571
514,0.0005437809768178425,0.000543780976818,0.0005437809768178425,0.0125159785576886,0.0125159785577,0.0125159785576886
517,0.001116142907277351,0.00111614290728,0.001116142907277351,0.07439148472633772,0.0743914847263,0.07439148472633772
516,9.752410426933089e-05,9.75241042693e-05,9.752410426933089e-05,0.005976448807843648,0.00597644880784,0.005976448807843648
458,0.0007954280364312893,0.000795428036431,0.0007954280364312893,0.07109704576637732,0.0710970457664,0.07109704576637732
459,4.408594645832764e-05,4.40859464583e-05,4.408594645832764e-05,0.0129565534195335,0.0129565534195,0.0129565534195335
450,0.0007662101095702312,0.00076621010957,0.0007662101095702312,0.015806517037298184,0.0158065170373,0.015806517037298184
451,0.00040160888406415296,0.000401608884064,0.00040160888406415296,0.110435753567802,0.110435753568,0.110435753567802
452,1.9870723233506027e-06,1.98707232335e-06,1.9870723233506027e-06,0.004972599949474299,0.00497259994947,0.004972599949474299
453,0.00039781659787696544,0.000397816597877,0.00039781659787696544,0.10253649266405618,0.102536492664,0.10253649266405618
454,0.00036034571194176745,0.000360345711942,0.00036034571194176745,0.019819915093826967,0.0198199150938,0.019819915093826967
455,0.00018121751363242566,0.000181217513632,0.00018121751363242566,0.002350397701943008,0.00235039770194,0.002350397701943008
456,0.0001240323193651971,0.000124032319365,0.0001240323193651971,0.001351697683013131,0.00135169768301,0.001351697683013131
457,6.709487492262411e-05,6.70948749226e-05,6.709487492262411e-05,0.0011128047133951435,0.0011128047134,0.0011128047133951435
179,0.00037413452268014735,0.000944550377274,6.92917442991492e-05,0.040083862999513754,0.0969450192495,0.009053211802177774
178,6.177663704797221e-05,0.000161849429982,6.070220723547459e-05,0.005950577438927585,0.00884439634995,0.0051274241863422665
177,0.00023414453723202833,0.000499777287607,0.0002766297202126955,0.009364778171229464,0.0177580931449,0.009297246473106369
176,0.0003750514305249419,0.000676555670829,0.0004806600652121906,0.038906758028881244,0.0574244351794,0.044759375224160625
175,0.0005977298186473116,0.00128454200891,0.0006643514800461769,0.08188238847293917,0.121797020379,0.09325793894621714
174,0.0012057338911674116,0.00194835951651,0.0013607352178721666,0.08684737514791442,0.141172507183,0.08992868271182208
173,0.000766987915392899,0.00152663318172,0.0007701920840893495,0.08920512642065904,0.130807457824,0.10435728820047818
172,0.00016877493755407998,0.000391114599116,0.000152537528648522,0.0603077614180025,0.120515176932,0.05622937179230425
171,0.0009054720406680428,0.00213398542796,0.0007750798465144815,0.08654613413699218,0.136152267751,0.09193978487383292
170,0.0002452392481449461,0.000483415297158,0.0002597924720828537,0.028168063167104008,0.0452542509784,0.026963473542182537
182,0.0008037248498416694,0.001497554725,0.0007424483490023892,0.11702564617035086,0.194301989373,0.12476664027258866
183,0.0009669436944700239,0.00135379395674,0.0009301917713785968,0.11152588153675036,0.13588376266,0.11056938626397411
180,0.0005032386393135746,0.00100542426078,0.0004477932017837305,0.11469241557317326,0.136985373739,0.11816227434668591
2,0.0008837774445701214,0.00458964741527,0.0005655941961220101,0.08059721048199121,0.286441474997,0.07653102280795387
186,0.0008094331633225038,0.0012909994022,0.0008087494115903704,0.10522077514932389,0.124801778897,0.11464568150596521
187,0.0002374572393597396,0.000481148367847,0.0002532217599260922,0.01993853714277973,0.0355336592766,0.017948662693174355
184,0.0008337491622758652,0.00143652039173,0.0007886296268220794,0.11334558763434796,0.136600630475,0.1145504266691243
185,0.0010669421925152522,0.00217224125513,0.00068555210752963,0.061590335080860224,0.11127009457,0.054811652364900876
188,0.0006974863523683483,0.00114421093114,0.0007256272651794404,0.09557790093993769,0.138094420138,0.10296416842008604
189,0.0009215877520288962,0.00157638411866,0.0011525798156394873,0.06076257957103687,0.105938527992,0.06353801201212667
11,0.0008207154025075114,0.00284736865214,0.000776287130207054,0.09268922439686174,0.247077382185,0.08550728299479976
10,0.0008777041962231737,0.0030827412845,0.0007763903413696704,0.07782398255288198,0.207097990942,0.07446185393077298
13,0.0012890938817615653,0.0033080725563,0.0012821467222813854,0.1165464010561208,0.225270184058,0.11877150062952285
12,0.002330568636746363,0.00477918752962,0.00243468299624372,0.16213448699149946,0.267951234025,0.16653329635719583
15,0.0011820471646703603,0.00277816761161,0.001234043038238708,0.10464449080732557,0.225535465201,0.10719571557063878
14,0.0005645345303479669,0.00258497864046,0.0004979580483034374,0.07542203765920143,0.188828143195,0.0734686725835253
17,0.0017064504091216447,0.00416536588589,0.0017962500730228648,0.1087003510130644,0.230439531656,0.11673705325179762
16,0.0006476104139555339,0.00240158593051,0.00045708852147180457,0.05555016919348779,0.186870328292,0.040108307326386206
19,0.0007066125848577932,0.00285600695629,0.0004172460842488124,0.09080374745131355,0.226251372901,0.08155761106490983
18,0.0006236120313561384,0.00161567109963,0.0006099562504524592,0.06007210379226184,0.1689615198,0.059738185193695226
62,0.0015364711837921295,0.00266696836963,0.0015378660760686502,0.10293969041841779,0.162866984951,0.1027706368719295
322,0.00035241212844550063,0.000352412128446,0.00035241212844550063,0.07450878176559184,0.0745087817656,0.07450878176559184
323,0.0015031784313138674,0.00150317843131,0.0015031784313138674,0.0866939000202307,0.0866939000202,0.0866939000202307
320,0.0,0.0,0.0,0.044863480181937976,0.0448634801819,0.044863480181937976
321,3.038693552004368e-05,3.038693552e-05,3.038693552004368e-05,0.0015121302771737843,0.00151213027717,0.0015121302771737843
326,2.806018825585177e-05,2.80601882559e-05,2.806018825585177e-05,0.013456423607126067,0.0134564236071,0.013456423607126067
327,0.0010738189423640243,0.00107381894236,0.0010738189423640243,0.03252269849060874,0.0325226984906,0.03252269849060874
324,0.00033276833463624644,0.000332768334636,0.00033276833463624644,0.08222192189800426,0.082221921898,0.08222192189800426
325,0.00020008202621357718,0.000200082026214,0.00020008202621357718,0.02868732814222663,0.0286873281422,0.02868732814222663
328,0.0011472156500260677,0.00114721565003,0.0011472156500260677,0.10318257898068639,0.103182578981,0.10318257898068639
329,4.7037406621930344e-06,4.70374066219e-06,4.7037406621930344e-06,0.0023074439965605764,0.00230744399656,0.0023074439965605764
201,0.0005281475383029366,0.00108646751857,0.00046607100560985826,0.04913897467667404,0.0865069524097,0.04661889338512193
200,0.00025943286424788824,0.000430332769365,0.00028489543896914604,0.015552387348383457,0.0317832493708,0.011199783067697922
203,0.0008164612882331946,0.0013056219228,0.0009077174513598685,0.06091438358803528,0.0832577620244,0.0711911195135922
202,0.0009102679896514698,0.0018539931625,0.0008736933238306932,0.10004089669936955,0.13127420952,0.11778745519591277
205,0.0009489782605198616,0.00135384292673,0.001123895034734479,0.049001608141806395,0.0764532404786,0.054685421868174766
204,0.0005990293258728463,0.00146174136381,0.000534782343696083,0.0785126128867186,0.131785480227,0.09012313851384157
207,0.0006689024290758682,0.00125378433005,0.00048730945146591154,0.04718664576713201,0.109138860876,0.014024062359956568
206,0.0006124486272326868,0.00125916642272,0.0004925844988784012,0.03411060811542351,0.0493135361681,0.0390668968284924
209,0.00031033204905291936,0.000804615026604,1.8819171476558427e-05,0.019587057838633404,0.0475823477507,0.0019359102291446884
208,2.7294501662689098e-05,0.000147261262952,6.84214187418597e-07,0.021132215909890627,0.0378484953334,0.021626473500080012
77,0.0016379798708650664,0.00276539278174,0.001687065153268219,0.1267964705849425,0.188647167965,0.13248755872179452
76,0.0013241994915179412,0.00263321449377,0.0013719031471263743,0.10315063129699202,0.202210666135,0.10348370138230101
75,0.001087460377180487,0.00254995750561,0.0012052948368119765,0.08677253466325394,0.151118622194,0.09152988687149294
74,0.0011055161232470653,0.00268233083398,0.0010050680945848378,0.08958039498164722,0.163420242945,0.10303103963331173
73,0.0008858493979677695,0.00187969449261,0.0007870633276690353,0.08984797587817821,0.16147857729,0.09129815058611579
72,0.00014063973102449869,0.0011846131261,4.81909373573064e-07,0.012594358279938172,0.0597990538867,0.011140449181793632
71,0.0006854837673363169,0.0017083994616,0.0007443129422003425,0.06944379410572882,0.12571800667,0.07918182673622948
70,0.0008919202550197384,0.00190178003639,0.0009512136685054795,0.12426495506097981,0.204772162099,0.1261238206813189
79,0.0009980517906988146,0.00251487362224,0.000988000054385374,0.11893244444811488,0.17989552773,0.12542351969521293
78,0.0010712683269089257,0.00195747709089,0.001045098610666706,0.08992806043311888,0.146145535051,0.0985258969312276
8,0.0011011713775436944,0.0030511940517,0.0011035033581562326,0.10038002037685806,0.254573642997,0.09014093477969587
120,0.0012735615441950645,0.00243095289517,0.001241565554350288,0.10765056538341669,0.173557382358,0.11345696597504529
121,0.0003012323890192895,0.000620132390122,0.00030799336687703516,0.014197857145675048,0.0214461617357,0.015583597150705675
122,0.00036963194733358185,0.000585396632952,0.000386373635943571,0.0487831885876866,0.102243013866,0.041378056363047144
123,0.0004945511975066637,0.0010631770278,0.0004950652052467808,0.04549778608566064,0.0896146797891,0.03992746276968667
124,0.001034144351088197,0.00154894003995,0.0012526513843795217,0.09199235684200562,0.147586798851,0.11958205623469981
125,0.0015352806649748133,0.00250221236184,0.001422269331748216,0.08915020620464549,0.130996574563,0.08980656502613132
126,0.00030551807790058346,0.000671382805023,0.00028737877460999206,0.03695647774470016,0.0679923898086,0.036943342222894526
127,0.0012603970446823137,0.00216110994605,0.0017676698343004338,0.032073630966996426,0.0627389048692,0.03495722659484107
128,7.56104674742099e-05,0.000391958247914,1.5870106163717868e-05,0.03937576321877677,0.0933695170773,0.03817974828884224
129,0.0013365263672509248,0.00212349221275,0.0014404749348813084,0.12007257162551162,0.158810913059,0.12914276370058342
414,0.0005594995014942539,0.000559499501494,0.0005594995014942539,0.046136959289234,0.0461369592892,0.046136959289234
415,0.00019519343768581443,0.000195193437686,0.00019519343768581443,0.004366822039631679,0.00436682203963,0.004366822039631679
416,0.00012411021700664548,0.000124110217007,0.00012411021700664548,0.0009285463003669836,0.000928546300367,0.0009285463003669836
417,0.0008943412918362981,0.000894341291836,0.0008943412918362981,0.11026625904885301,0.110266259049,0.11026625904885301
410,0.0005311161013451526,0.000531116101345,0.0005311161013451526,0.09892798560617821,0.0989279856062,0.09892798560617821
411,0.00018132241847490516,0.000181322418475,0.00018132241847490516,0.002729757175130798,0.00272975717513,0.002729757175130798
412,0.001518465626475174,0.00151846562648,0.001518465626475174,0.09987114146983245,0.0998711414698,0.09987114146983245
413,0.00044726918463644516,0.000447269184636,0.00044726918463644516,0.00600665446486115,0.00600665446486,0.00600665446486115
498,0.00014834356949200433,0.000148343569492,0.00014834356949200433,0.006368964321213366,0.00636896432121,0.006368964321213366
418,2.7582739726361716e-05,2.75827397264e-05,2.7582739726361716e-05,1.638689184346731e-13,1.63868918435e-13,1.638689184346731e-13
419,0.0011507783841341324,0.00115077838413,0.0011507783841341324,0.09340130018905735,0.0934013001891,0.09340130018905735
499,4.950633436529017e-07,4.95063343653e-07,4.950633436529017e-07,0.013868627162277325,0.0138686271623,0.013868627162277325
319,0.001307797550465617,0.00130779755047,0.001307797550465617,0.0913189831930018,0.091318983193,0.0913189831930018
318,1.959927383721194e-07,1.95992738372e-07,1.959927383721194e-07,0.017835515591705264,0.0178355155917,0.017835515591705264
313,0.0005538085465916313,0.000760751313262,0.0005928771824760259,0.032758250765026996,0.0472200030131,0.043801225749578565
312,0.00039991798480783675,0.000526821651182,0.0003456707271003445,0.011710864207835589,0.0133634741894,0.013079360526041084
311,0.0004107110384207561,0.000751025508909,0.0004811076062978259,0.08608272500167402,0.12890337564,0.10880407676197401
310,0.00018583900679932283,0.0004524031279,5.855462156967306e-05,0.09731565346676363,0.125894377936,0.1052607549514687
317,0.00034918322545884894,0.000349183225459,0.00034918322545884894,0.00909028120820754,0.00909028120821,0.00909028120820754
316,0.0010919541488130975,0.00149728113818,0.0013750824050456911,0.07244233511509623,0.108204832458,0.10199067029825437
315,0.0009809573503026803,0.00138834442387,0.0010768285490629914,0.1038122500404749,0.154412165499,0.0967770194551667
314,0.0004698035313100979,0.000643984031956,0.0006208676057087859,0.01886871457900167,0.0289469427331,0.0261974953555959
496,0.00012423071059963764,0.0001242307106,0.00012423071059963764,0.003533802777140216,0.00353380277714,0.003533802777140216
497,8.949196528273973e-08,8.94919652827e-08,8.949196528273973e-08,0.008338390877053459,0.00833839087705,0.008338390877053459
3,0.0013250067979264206,0.00385758911358,0.0013114130745522923,0.10432269713672328,0.275093761551,0.10423272355591373
368,0.001703563107951056,0.00170356310795,0.001703563107951056,0.08597782058625947,0.0859778205863,0.08597782058625947
369,0.00021016947433138977,0.000210169474331,0.00021016947433138977,2.3991919562149633e-13,2.39919195621e-13,2.3991919562149633e-13
366,0.00016847970505506904,0.000168479705055,0.00016847970505506904,0.026151159974536098,0.0261511599745,0.026151159974536098
367,0.0009298148444929488,0.000929814844493,0.0009298148444929488,0.10151014016324134,0.101510140163,0.10151014016324134
364,0.0015043753362889989,0.00150437533629,0.0015043753362889989,0.10960301519191518,0.109603015192,0.10960301519191518
365,0.00022254171680236023,0.000222541716802,0.00022254171680236023,0.095464820352273,0.0954648203523,0.095464820352273
362,1.2207023799559735e-06,1.22070237996e-06,1.2207023799559735e-06,1.2212453270876722e-14,1.22124532709e-14,1.2212453270876722e-14
363,1.2207023799559735e-06,1.22070237996e-06,1.2207023799559735e-06,1.2212453270876722e-14,1.22124532709e-14,1.2212453270876722e-14
360,1.2207023799559735e-06,1.22070237996e-06,1.2207023799559735e-06,1.2212453270876722e-14,1.22124532709e-14,1.2212453270876722e-14
361,1.2207023799559735e-06,1.22070237996e-06,1.2207023799559735e-06,1.2212453270876722e-14,1.22124532709e-14,1.2212453270876722e-14
380,1.2207023799559735e-06,1.22070237996e-06,1.2207023799559735e-06,1.2212453270876722e-14,1.22124532709e-14,1.2212453270876722e-14
381,0.0013789882607828652,0.00137898826078,0.0013789882607828652,0.11645477231028556,0.11645477231,0.11645477231028556
382,0.00015738630327677416,0.000157386303277,0.00015738630327677416,0.000813008187903308,0.000813008187903,0.000813008187903308
383,0.00031284524221397714,0.000312845242214,0.00031284524221397714,0.0011280595023015483,0.0011280595023,0.0011280595023015483
384,0.0007172962052425236,0.000717296205243,0.0007172962052425236,0.10673906849227899,0.106739068492,0.10673906849227899
385,0.001228045283192869,0.00122804528319,0.001228045283192869,0.050974673058337916,0.0509746730583,0.050974673058337916
386,4.58532741220985e-07,4.58532741221e-07,4.58532741220985e-07,0.0031492434443505246,0.00314924344435,0.0031492434443505246
387,0.0015507859666816781,0.00155078596668,0.0015507859666816781,0.09833670418900264,0.098336704189,0.09833670418900264
388,0.00012482725312656928,0.000124827253127,0.00012482725312656928,0.008333520011791662,0.00833352001179,0.008333520011791662
389,0.0006813878175641053,0.000681387817564,0.0006813878175641053,0.09024309358329319,0.0902430935833,0.09024309358329319
252,0.00034777665580548733,0.000622473351148,0.0003340045023071392,0.04008940897830957,0.0736309627816,0.04090810631089503
60,0.0008689374709372296,0.00183670900462,0.000886398892035456,0.08539248280011366,0.141880938718,0.0863011512748047
61,0.00017917654445096052,0.000545666623405,0.00014546296534789782,0.023993288814503407,0.0958677359255,0.015559419021458465
258,0.00012975585783592258,0.000204584903193,0.00017555295279092498,0.055768181456991806,0.0839313322853,0.08337321208557591
259,0.00044967333450633234,0.000679037359771,0.0005148907905022648,0.032253673218648915,0.0473209784716,0.04347301245544
64,0.00025802962263964265,0.00100977521617,0.00023889908628726975,0.05470346727400149,0.157101294901,0.05371864117210401
65,0.0006801097916463047,0.00150670584239,0.0007521159114411979,0.06380521392274847,0.149004569192,0.06532583953085802
66,0.0007740504723046446,0.00173153954065,0.0007701712133388883,0.10276746789738729,0.181656609947,0.1104700616232327
67,0.00023553925268179118,0.000910638005672,0.00018273758834319587,0.05893025670314593,0.126993486687,0.05486275027601706
68,0.0005648716713101787,0.00189944954208,0.0004101251960111352,0.038757759580713334,0.172749795869,0.015185647989211959
69,0.000636296310550509,0.00171531522508,0.0006795229119097579,0.0862433361885979,0.170242355652,0.08399986648784785
250,0.0001260308171986968,0.000350672314602,9.034629449494735e-05,0.02249490768653234,0.0318375144245,0.02304210353580821
251,0.0007444263728676274,0.00110530897663,0.0008185174289214725,0.0576764706661174,0.0840575530664,0.050357180675748625
253,0.0001374517009068247,0.000231276753655,0.00014186825582773732,0.040581810487723836,0.0817603626928,0.04034065572801504
257,0.0001331475181405676,0.000199110926021,0.00019911092602087344,0.06217254858567781,0.0932588228785,0.09325882287851062
254,0.0008620215642535789,0.00142748615213,0.0008223832044422785,0.08762303383234266,0.132633062616,0.10905673637169039
255,0.0012687600614934198,0.00190629643108,0.0017980069988274838,0.06550697506360624,0.0995076180373,0.09589566753014095
508,0.0001317076263050998,0.000131707626305,0.0001317076263050998,0.00987529852421154,0.00987529852421,0.00987529852421154
509,7.166298559901918e-06,7.1662985599e-06,7.166298559901918e-06,0.0053891528941353295,0.00538915289414,0.0053891528941353295
506,4.0823515983112735e-05,4.08235159831e-05,4.0823515983112735e-05,0.011732670732119033,0.0117326707321,0.011732670732119033
507,0.00013213165196812593,0.000132131651968,0.00013213165196812593,0.012874739489870057,0.0128747394899,0.012874739489870057
504,0.00026796147167285067,0.000267961471673,0.00026796147167285067,0.010799622683510646,0.0107996226835,0.010799622683510646
505,0.00017089732737507468,0.000170897327375,0.00017089732737507468,0.01816262699659299,0.0181626269966,0.01816262699659299
502,1.9511508037584058e-05,1.95115080376e-05,1.9511508037584058e-05,0.012858128931813262,0.0128581289318,0.012858128931813262
503,0.0001761617229790735,0.000176161722979,0.0001761617229790735,0.032057119970504644,0.0320571199705,0.032057119970504644
500,0.0003558864498632852,0.000355886449863,0.0003558864498632852,0.008527702774087875,0.00852770277409,0.008527702774087875
501,0.00019525176782242415,0.000195251767822,0.00019525176782242415,0.00490776056346609,0.00490776056347,0.00490776056346609
469,0.0003721745263246534,0.000372174526325,0.0003721745263246534,0.08653720344036198,0.0865372034404,0.08653720344036198
468,0.00023194459673736567,0.000231944596737,0.00023194459673736567,0.003568861769161491,0.00356886176916,0.003568861769161491
465,3.106774889805042e-05,3.10677488981e-05,3.106774889805042e-05,0.006119256641010762,0.00611925664101,0.006119256641010762
464,0.0005442338196636198,0.000544233819664,0.0005442338196636198,0.01341763333674273,0.0134176333367,0.01341763333674273
467,0.0002759550137608757,0.000275955013761,0.0002759550137608757,0.013549369709953463,0.01354936971,0.013549369709953463
466,0.0011633936921789934,0.00116339369218,0.0011633936921789934,0.09397167133831741,0.0939716713383,0.09397167133831741
461,0.00031169619996052056,0.000311696199961,0.00031169619996052056,0.008470761717714326,0.00847076171771,0.008470761717714326
460,0.0012555225175182594,0.00125552251752,0.0012555225175182594,0.07325139102726796,0.0732513910273,0.07325139102726796
463,0.0011677021833510492,0.00116770218335,0.0011677021833510492,0.09348492041485745,0.0934849204149,0.09348492041485745
462,0.000352168375415296,0.000352168375415,0.000352168375415296,0.03511975698503511,0.035119756985,0.03511975698503511
168,0.00037963050779377117,0.00072900154033,0.00039111459273555305,0.0629706763940123,0.107301211832,0.08236619666768652
169,0.0007961670674839549,0.00168057105485,0.000898811561116597,0.06057273815244892,0.125023767479,0.058426423408472705
164,0.0006541908338400478,0.00102974490735,0.0006668961522793282,0.0834480705676061,0.144892284343,0.07669266329235502
165,0.00030064795701421063,0.000868754258605,0.0002500535352341071,0.0501821185495197,0.0739821692265,0.053879819333245926
166,0.0002743684167991978,0.000730050533832,0.00027664102922630995,0.03894305586566378,0.0808238795774,0.04893926471185983
167,0.000987689733222045,0.00209499534942,0.0007719501433777198,0.08105150472932249,0.125310228625,0.07480002103755456
160,0.0014370649964090543,0.00215954866091,0.0015316601240692451,0.09984813766441872,0.146594319977,0.10361102983863901
161,0.00012767141060325096,0.000259390467211,0.00014170452650630327,0.011453458282169792,0.0269118494478,0.009436017468356983
162,0.00025710566585779304,0.000479099762155,0.00023588138617769427,0.032958057663031906,0.062025730946,0.050404624730692404
163,0.0010139417809786075,0.00181812325636,0.0010453139188176808,0.0844232500997904,0.136118780483,0.09274475678411953
9,0.001000366248091164,0.00300393516885,0.0009733889719544253,0.09372767931350497,0.244858974897,0.09370089646135771
357,0.0003010953867074173,0.000301095386707,0.0003010953867074173,0.07804458084239585,0.0780445808424,0.07804458084239585
356,0.00017253354477908545,0.000172533544779,0.00017253354477908545,0.07019976971105468,0.0701997697111,0.07019976971105468
355,0.00034219232574494995,0.000342192325745,0.00034219232574494995,0.03807484662715044,0.0380748466272,0.03807484662715044
354,7.228776452983254e-07,7.22877645298e-07,7.228776452983254e-07,0.01372363601128046,0.0137236360113,0.01372363601128046
353,0.00015456804089486464,0.000154568040895,0.00015456804089486464,0.08489601641909128,0.0848960164191,0.08489601641909128
352,4.005967722131576e-05,4.00596772213e-05,4.005967722131576e-05,0.000239252964280956,0.000239252964281,0.000239252964280956
351,0.00010152132505980571,0.00010152132506,0.00010152132505980571,0.01261772798787475,0.0126177279879,0.01261772798787475
350,0.0004385873945511598,0.000438587394551,0.0004385873945511598,0.03309596100348455,0.0330959610035,0.03309596100348455
359,1.2207023799559735e-06,1.22070237996e-06,1.2207023799559735e-06,1.2212453270876722e-14,1.22124532709e-14,1.2212453270876722e-14
358,1.2207023799559735e-06,1.22070237996e-06,1.2207023799559735e-06,1.2212453270876722e-14,1.22124532709e-14,1.2212453270876722e-14
216,1.0255574693918135e-06,2.90686242077e-06,7.171227389690671e-07,0.021109452563999525,0.034338629799,0.02056355764694212
217,0.0010817011919914132,0.00154120549466,0.00116022417806394,0.09465540230856727,0.150065173737,0.09507427303912414
214,0.0005444443741623673,0.00126788864008,0.0001368748028617306,0.035885130855367264,0.0802753387327,0.017226630189417336
215,0.000984656719874466,0.00169414000669,0.0012792639413250484,0.06751081360033562,0.105113661771,0.08084141174523674
212,0.0002099286626514929,0.000504492491609,0.00018271603432545858,0.02309178122829546,0.0447089686351,0.023257247122605018
213,0.0006649961610838085,0.0010863049832,0.0006787823768561463,0.08757750382004904,0.152286615583,0.09896274008903533
210,0.0006666229527797496,0.00123238650332,0.0008448251261319872,0.051412719449602164,0.078717183864,0.062198149854503115
211,0.0002555811174126621,0.000659996820842,0.00026476183176948886,0.038123698266731586,0.0561120212447,0.03915575847857755
218,0.0004161939796885246,0.000817818835573,0.00033797062439971937,0.03627228891044957,0.0474959549026,0.03482112727504855
219,0.00023550916137726752,0.000406165672342,0.0002789665153608567,0.008993437439690536,0.0141162750437,0.007416988836356053
289,5.8319068030221466e-05,0.000170606337102,4.350866717683921e-06,0.07975453742194087,0.119088533625,0.09773365522723343
288,4.894183969857598e-05,8.1617901164e-05,3.436587219707299e-05,0.0014063486342705451,0.00222178428089,0.0019972616214375405
4,0.0016109291699265285,0.00399377375535,0.0017103822112967126,0.12767377159214183,0.250871922805,0.1332915391706121
281,0.0001455503535978675,0.000200820203638,0.00017736940502766085,0.032260398114628476,0.0476616419798,0.034961714511269615
280,1.2207023799559735e-06,1.22070237996e-06,1.2207023799559735e-06,1.2212453270876722e-14,1.22124532709e-14,1.2212453270876722e-14
283,0.00044054644354770317,0.000686659473096,0.0006255333458730084,0.08481944061195312,0.124097745966,0.11268306899430425
282,2.350887260190356e-05,3.46529577129e-05,3.465295771287735e-05,0.0004995519959374306,0.0007493279939,0.0007493279939000397
285,0.0005040938790180268,0.000756470943607,0.0006646594815309381,0.026652499386390804,0.0395604873172,0.03653379112478761
284,0.001349455014744853,0.00173382874547,0.0016109530595784793,0.07938694030601989,0.095367166073,0.08559832193097572
287,0.0001121394484174439,0.000159508961973,0.000156341172668939,0.0912357110279383,0.115123665362,0.09964465554556834
286,4.317514295271163e-05,0.000100315670452,2.9020493034992434e-05,0.0322174248852433,0.0483572051286,0.04789877305574186
263,0.0005645479841865179,0.00071439788089,0.0006660689305039158,0.04826018729814019,0.0610582213188,0.05995203027637053
262,0.00019972491204534037,0.000293356470525,0.00018811397694562526,0.022529906855904724,0.0312673814619,0.020748859741539727
261,0.0005699775345948307,0.000624401648154,0.0006237451038365593,0.06273517565553255,0.0888822201583,0.08413771660806368
260,9.544943189358317e-05,0.000143179063968,0.00014306965904720137,0.0997916153691633,0.127560556633,0.08690897741028514
267,0.0011066628513010472,0.00180123221301,0.0015185584130994467,0.07864486265565802,0.115853164564,0.09356535600666727
266,0.00024321447034170163,0.000327775356009,0.0003136436151628397,0.004417421730293729,0.00595091210079,0.0037088648084940834
265,0.0005623026478722704,0.000699944811735,0.0006059705632065482,0.05217602166336525,0.0556674422854,0.055402329318062105
264,7.056892167271271e-05,0.000115170575155,6.071464194334908e-05,0.005706025062716373,0.00865688452595,0.006939165222099475
269,0.0002059578993099942,0.000286036786208,0.0002834654699690464,0.005248654452422914,0.00718851540528,0.005497859324555487
268,0.00011734448503046095,0.000156664188072,0.00013688829205871222,0.06943812157398284,0.0783297203297,0.07193725736029333
59,0.0007458158133307378,0.00165339975532,0.0006863525387556524,0.07741320431502657,0.131644504961,0.07848412283575823
58,0.0006959285373427832,0.001547957798,0.0006390653024657134,0.05597829550459602,0.112726004205,0.04791424266054961
55,0.0003760594126599327,0.00122318030246,0.0003007349975079898,0.038822894778214996,0.108264706591,0.03477727871287384
54,0.0011487972906016786,0.00276934794659,0.00108833231159855,0.11006035234704849,0.165624696119,0.11198877648293654
57,0.0007013261961212145,0.00202892301299,0.00044988294743347756,0.0743051253973686,0.150445748969,0.07511791434419185
56,0.0011078834497924134,0.00244080667131,0.0011782657871376445,0.13338180801950786,0.248437171653,0.13395128519489996
51,0.00027110512704886947,0.00164098022896,4.144631452152048e-05,0.02527336100841592,0.163832840949,3.9287394404619036e-05
50,0.000999671791911904,0.00187716753853,0.001138483635380827,0.09202686647888249,0.157866310725,0.10952808101173284
53,0.0016673207632561114,0.00320355525606,0.0017794553863216822,0.11436549930736158,0.177019818196,0.11503570760840365
52,0.00120860632132344,0.00276547086021,0.001460281654201978,0.09682437290893231,0.188602478974,0.10293681314516345
63,0.0013093384546743058,0.00250607646731,0.0014268480769581426,0.08984029685332669,0.170585892985,0.09351164328178307
115,0.000759516473836339,0.00171745158862,0.0006874853390892999,0.08104362395899223,0.133209005416,0.08514723820219622
114,7.438981365582933e-05,0.000302933043391,3.290790711280023e-05,0.02558199877493763,0.073289289484,0.012357986038785351
117,0.0007334797600668756,0.00126382877932,0.0007201168126284574,0.08470715605476066,0.13283733266,0.08704558754550057
116,0.001215865974344568,0.00200497060723,0.0013650885805076007,0.09765384962249378,0.128095469617,0.10251296694644113
111,0.0008645929692753518,0.0018323102834,0.0010402870095771455,0.10899932562422897,0.17770625422,0.11914889725200423
110,0.0006381451945544378,0.00150622567036,0.0007334917710729583,0.08972930363381278,0.141815229265,0.10068738480257478
113,0.0008432788242413566,0.00143516676685,0.0009505733175723119,0.05131440300359403,0.104669333796,0.04519197606657954
112,0.0009153841157743752,0.00227066180982,0.000663330957359709,0.052053369309330196,0.0976256891788,0.050377176836988724
119,0.0011374708502848005,0.0022006104687,0.0011206156314913507,0.09492703983408092,0.153402786158,0.10368641707784693
118,0.0006755757587896023,0.00140110092517,0.0006840179658392787,0.09616289024531624,0.167373956579,0.11677517030612888
256,0.00037329093624460796,0.000695574156669,0.00039811608397349874,0.05187195666762547,0.0839653077273,0.04965859593595606
429,2.202396373651716e-05,2.20239637365e-05,2.202396373651716e-05,0.002232783019716744,0.00223278301972,0.002232783019716744
428,3.0242247790912558e-05,3.02422477909e-05,3.0242247790912558e-05,0.07078641764383742,0.0707864176438,0.07078641764383742
421,9.421647401253175e-05,9.42164740125e-05,9.421647401253175e-05,0.006977154611041314,0.00697715461104,0.006977154611041314
420,0.0014549612143689439,0.00145496121437,0.0014549612143689439,0.10125558007894964,0.101255580079,0.10125558007894964
423,3.2585784416117036e-05,3.25857844161e-05,3.2585784416117036e-05,0.008105137859642397,0.00810513785964,0.008105137859642397
422,0.0008741552181162904,0.000874155218116,0.0008741552181162904,0.05068979469429025,0.0506897946943,0.05068979469429025
425,0.00019954647813202886,0.000199546478132,0.00019954647813202886,0.008161959826716747,0.00816195982672,0.008161959826716747
424,2.1645843813478116e-05,2.16458438135e-05,2.1645843813478116e-05,0.028656430723857707,0.0286564307239,0.028656430723857707
427,0.00022042689919010705,0.00022042689919,0.00022042689919010705,0.026546587335853356,0.0265465873359,0.026546587335853356
426,0.00045761192269622164,0.000457611922696,0.00045761192269622164,0.10921064395387037,0.109210643954,0.10921064395387037
308,0.0006156746215484343,0.000912889729945,0.0008627617412744204,0.06129931267655886,0.0899792567686,0.089522402173285
309,0.00014193409370163076,0.000334400709785,6.916212245344777e-05,0.06115987753607303,0.0819622739741,0.07685365707443403
300,0.0006186191059955141,0.000905083484861,0.0007511691675377019,0.05771002648844999,0.0844306752265,0.08063936322956722
301,0.0006481623381201507,0.0010940930648,0.0007982301549959159,0.0660688968529416,0.0947869227678,0.09389840590737886
302,0.0002792370330816363,0.000460140897635,0.0003371966833776163,0.05676840041223034,0.0730111675694,0.06881446223673937
303,0.0004432941544369277,0.000613395128711,0.00039684305665177444,0.06028918262529422,0.0898032997191,0.06831228312777027
304,0.0011944354820456378,0.00177353109838,0.0017653901577281417,0.047739689211747614,0.0711596147793,0.06369459359170582
305,0.0007186687121156036,0.00100757816467,0.00093627182410283,0.042432639217042024,0.0613750277918,0.0609765031252687
306,0.0009498031284037219,0.00142467629333,0.0013004033554989691,0.0406461519783492,0.0592530985185,0.05654598298602431
307,0.001299359427094952,0.0017646822514,0.0012862033505677273,0.09832380111575567,0.119843476685,0.11453651901299844
181,0.0006737956036163784,0.00119902477326,0.0007327572492279444,0.0668461379456046,0.092759198039,0.08187299566986828
229,5.723355717709063e-06,3.34368575942e-05,2.112744771354258e-07,0.022730932768647277,0.0371169527285,0.023141725853562944
228,0.000579930130442885,0.000863753741959,0.0007587708097687718,0.07657387377301549,0.115249000659,0.11126987595060145
227,0.0015619647878386915,0.00232431120238,0.0016084798810107603,0.07561951887405653,0.106088017084,0.08241378563254192
226,0.0012437997371256098,0.00157445111614,0.0014263565157785485,0.10674167686284634,0.169918141816,0.10804574238869202
225,0.000462028677934286,0.000863444816579,0.0004491768018407005,0.024902226164591146,0.0439068783627,0.025861865235224324
224,6.785872662255314e-05,0.00017482553299,3.750501965649189e-05,0.034890650604489336,0.0656370734325,0.03579866453651043
223,0.00037323416716343133,0.000770486724168,0.0003633124238063834,0.09527707524082403,0.131748159952,0.10553945147910831
222,0.0004131493123791056,0.000612170506372,0.00045641503123028393,0.022306435997473506,0.0332192742996,0.03245935373682851
221,0.00010631160211155288,0.000199673611895,9.477694184123475e-05,0.009960695580654691,0.0167954518091,0.010312061574255627
220,0.0012048568681602978,0.0019503424649,0.0011844986228058962,0.07447351482512071,0.0987336454967,0.07217715585357803
88,0.00035596904234719957,0.00122360176359,0.00022698878849403137,0.053594245505958725,0.101794494439,0.04847927354611459
89,0.0008397861147877116,0.00134089619677,0.0008915890710737839,0.06980375656172855,0.122949535957,0.06882423477156963
151,0.0005147162486757765,0.00111128699445,0.0004139951859873925,0.07010823484897673,0.104758372954,0.07017271869689168
150,0.00033745608823720165,0.000679745091781,0.0003651763677087194,0.057920882709306426,0.0905173894989,0.06461024697204298
153,0.0004368288827003649,0.00101232442774,0.00026810234032914604,0.09691700815663494,0.165534210766,0.09139389926696628
152,0.0009477547064490702,0.00134489229652,0.0009654078137215638,0.10220592237607136,0.150878399549,0.10811877637573397
155,0.00130482002544506,0.00185389703695,0.0015165176064128039,0.09116945532477312,0.14193962062,0.10061143997785649
154,0.001359490655250184,0.00238291272298,0.001191961262010377,0.1044207447528005,0.151180448805,0.10220808436849649
157,0.0008690673369317059,0.00156411751124,0.0009011807317831355,0.03352268799556341,0.0527684196053,0.03499818793461462
156,0.0007976791141170337,0.00165204635261,0.0007011207226248484,0.11876779532955559,0.153724448905,0.12401356414720921
159,0.00070891040402327,0.00130600238684,0.0009183523155343876,0.09560267861956474,0.133133930564,0.11360558265941978
158,0.0009070892161740174,0.00154156974533,0.0011426217738912392,0.08553123954226512,0.133288154495,0.10742076163455028
399,0.0008077513759964239,0.000807751375996,0.0008077513759964239,0.08240442643990942,0.0824044264399,0.08240442643990942
398,0.000570671134366818,0.000570671134367,0.000570671134366818,0.09984015600710405,0.0998401560071,0.09984015600710405
48,0.0014580355660250585,0.00245774311565,0.0015134921339526874,0.10280337676287965,0.164916100582,0.11339101359893955
49,6.73813584305462e-05,0.000308011146791,5.2709766988012774e-05,0.013683824086290892,0.0334061807507,0.011872086008661631
46,0.001070650134374821,0.00217392535741,0.0011538647123633394,0.08305280153419,0.188216508673,0.08312473250513186
47,0.00027864663434324895,0.00129577626641,0.00020015502375564376,0.06434629155209155,0.129529732583,0.06276631549827044
44,0.0010010579601592426,0.00236964267149,0.0010474563228710654,0.11613897891759925,0.196252167161,0.13011131958610922
45,0.0007203903322169758,0.00207015434342,0.0003666299082419888,0.05385753096847738,0.134692267482,0.04498422131083202
42,0.0006264052847106181,0.00254155364432,4.172814649106016e-05,0.05489278963089392,0.257302533899,0.017805829676119433
43,5.401083920279592e-05,0.00046469800045,2.3701615580962176e-05,0.0019047621181654672,0.0234220366623,0.0001989592205712265
40,0.0012384147191643593,0.00278873364813,0.0012200688139475946,0.15505772635270484,0.237259401283,0.16137624336557194
41,0.0007363178698965951,0.00186739335423,0.0006812920980084902,0.07750869475256826,0.142404741368,0.08058409550270024
5,0.0013945267812089704,0.0032043458977,0.0014427573052332998,0.10143762141719548,0.234176652977,0.10307448103521977
489,0.0004504139135197427,0.00045041391352,0.0004504139135197427,0.03538903008967598,0.0353890300897,0.03538903008967598
488,0.00017217729112606328,0.000172177291126,0.00017217729112606328,0.025762619365879647,0.0257626193659,0.025762619365879647
487,5.473921478371668e-05,5.47392147837e-05,5.473921478371668e-05,0.004933788038774645,0.00493378803877,0.004933788038774645
486,1.5612257797670281e-07,1.56122577977e-07,1.5612257797670281e-07,0.033876808641667644,0.0338768086417,0.033876808641667644
485,0.00034224571702279327,0.000342245717023,0.00034224571702279327,0.026114104365568158,0.0261141043656,0.026114104365568158
484,0.00014122512931713516,0.000141225129317,0.00014122512931713516,0.001200423075471302,0.00120042307547,0.001200423075471302
483,0.0004666563608716201,0.000466656360872,0.0004666563608716201,0.07528066146307244,0.0752806614631,0.07528066146307244
482,2.8377300509419e-13,2.83773005094e-13,2.8377300509419e-13,0.021561085111368117,0.0215610851114,0.021561085111368117
481,6.830159838389083e-05,6.83015983839e-05,6.830159838389083e-05,0.02079619150014389,0.0207961915001,0.02079619150014389
480,7.585361230910692e-05,7.58536123091e-05,7.585361230910692e-05,0.03101812144885463,0.0310181214489,0.03101812144885463
472,0.00023715590146711207,0.000237155901467,0.00023715590146711207,0.06642162243176841,0.0664216224318,0.06642162243176841
473,0.0004179964058306229,0.000417996405831,0.0004179964058306229,3.981481810910736e-12,3.98148181091e-12,3.981481810910736e-12
470,0.00023688702873869705,0.000236887028739,0.00023688702873869705,0.025597615569935228,0.0255976155699,0.025597615569935228
471,0.0002135862286809509,0.000213586228681,0.0002135862286809509,0.011686800448679646,0.0116868004487,0.011686800448679646
476,0.00015443389989067136,0.000154433899891,0.00015443389989067136,0.0034131420802440138,0.00341314208024,0.0034131420802440138
477,7.049554962001991e-08,7.049554962e-08,7.049554962001991e-08,0.03607927157703361,0.036079271577,0.03607927157703361
474,0.0,0.0,0.0,0.011380339263628136,0.0113803392636,0.011380339263628136
475,3.387001755661423e-05,3.38700175566e-05,3.387001755661423e-05,0.004851555862880885,0.00485155586288,0.004851555862880885
478,0.00013829419371691465,0.000138294193717,0.00013829419371691465,0.007230464256554825,0.00723046425655,0.007230464256554825
479,0.0008232930540240657,0.000823293054024,0.0008232930540240657,0.06864074841875123,0.0686407484188,0.06864074841875123
