cluster1, cluster2, core, core_max, core_median, accessory, accessory_max, accessory_median
1,2,0.025596320567800326,0.0284702323944,0.025563192371423793,0.4600335943482195,0.554809341802,0.4594881623919586
1,3,0.025928327444026737,0.0287114960419,0.02592206514689782,0.45972404661924005,0.565855307359,0.4586615761572627
1,4,0.02588743876536263,0.0282548522551,0.025883415861895076,0.45760808245147705,0.570022712952,0.45727620007240555
1,5,0.019100783042613628,0.0211395920479,0.019109833515432828,0.30676204046606775,0.429144004509,0.3046870252208142
1,6,0.019693263425955874,0.0215566785763,0.01972635831843722,0.2953097146771342,0.415040643782,0.2925703051315373
1,7,0.02572026497068374,0.027797054051,0.02573578923175246,0.35083130328358086,0.449947724184,0.3491133455813386
1,8,0.01960895157773435,0.0219329903125,0.019559871600144108,0.3462867256080219,0.456877659722,0.3442673538176497
1,9,0.0197337924821331,0.021645750193,0.019743230487663244,0.3580712735243112,0.493972102464,0.3556387672721802
1,10,0.01354282573615453,0.0154632877505,0.013552854325129315,0.2750088357832955,0.396132207942,0.2719454626632771
1,11,0.027251928013453462,0.0293384749441,0.02725729623780626,0.4466186275351546,0.543889254491,0.4445421859535513
1,12,0.01847662603114208,0.02103073598,0.01843796132168818,0.3466441811619382,0.435075997872,0.34524142564108445
1,13,0.025711886087033585,0.0283065002317,0.02570801363292824,0.4728115136777456,0.555311851249,0.4715691555150602
1,14,0.018111773479608257,0.0197821173441,0.018106358627140995,0.32168133630023915,0.430895777171,0.3190240702420294
1,15,0.020421515251641105,0.02264143101,0.02042884502965131,0.34786173410185783,0.443750512555,0.3460502449098843
1,16,0.0030487841759531432,0.0048411194474,0.0030436024834083475,0.15302441455817184,0.292638205679,0.14878903308809938
1,17,0.026565717432676564,0.0287683726275,0.02658896143131745,0.44500553943659515,0.532614086157,0.4447012530602131
1,18,0.025856618460842494,0.028166768034,0.025844967591388268,0.4760580824936475,0.554803249123,0.4748384359077376
1,19,0.02657374949894796,0.0283498464376,0.026600452173434985,0.3344459584044366,0.429078852248,0.33200611262944874
1,20,0.025999057455017453,0.0277576005018,0.026014784971389315,0.45044906198615614,0.537326592387,0.44912357818899756
1,21,0.019721530054590184,0.0210097935379,0.01971372397459198,0.34746459491884824,0.428348664471,0.3480117406217006
1,22,0.017842816854711882,0.0195509197027,0.017857347236387267,0.3322811093400333,0.433017177669,0.32983088381839676
1,23,0.018161880870881397,0.0199068557321,0.018194135090220553,0.3763992267931067,0.470908302339,0.37400940879982514
1,24,0.020545992233778263,0.0223271601964,0.020647176355591712,0.325656357371388,0.459972346018,0.32015104512420717
1,25,0.026446350558029044,0.0286511817687,0.02643124341701908,0.4604326921360649,0.538345031536,0.46048430049447675
1,26,0.01942264922891367,0.0209690413546,0.019439892345137266,0.32239043957787195,0.415487132721,0.32064109733763835
1,27,0.02562015652305369,0.0276312319146,0.025648431552540263,0.4355296832328208,0.512503036421,0.43434206926578683
1,28,0.018999338592861313,0.0206825513679,0.019007135262033403,0.3630651656805171,0.451862372314,0.36036281875344905
1,29,0.026853225493981617,0.0289728426448,0.02685326963806839,0.4432320836185143,0.514880193118,0.44256236475789434
1,30,0.02087928785826866,0.0226479089608,0.020892883440340126,0.36860207256377703,0.442551895135,0.36706941431135515
1,31,0.025522670244288344,0.0274781767732,0.025520131541553026,0.3813325203598604,0.473618600899,0.3792962205634225
1,32,0.020107229323865994,0.0217162070695,0.02013457905534366,0.33555218372490553,0.430324346004,0.3338776828532876
1,33,0.02470678499642224,0.0264687524022,0.024722291194760604,0.40956328215653387,0.498919729309,0.4080846504520708
1,34,0.019598798639699787,0.021434049697,0.01959272532599332,0.3243685899441447,0.459081925659,0.3215601226077814
1,35,0.018606221191892054,0.0204366892845,0.0185783668171286,0.36137106401082614,0.444778321164,0.3639591719053575
1,36,0.02045327216951162,0.022636335622,0.020419978920378112,0.34546281791008143,0.434539196535,0.34327069137759125
1,37,0.02669043925674025,0.0285546349721,0.02670514690551884,0.33213581266225223,0.421951520081,0.33135533734809725
1,38,0.026152101508540283,0.0279071177562,0.026187662000295653,0.3901194319476797,0.479009542871,0.388605273434075
2,3,0.01094190014313069,0.0131117826536,0.010949055816969089,0.3070921350598588,0.437472931242,0.3064093845051219
2,4,0.011770405009793003,0.0144020862726,0.011703824280191288,0.30592509438534443,0.431080363849,0.30493505537957266
2,5,0.028432764305208733,0.0305458402055,0.028422822217440247,0.4000003557564364,0.498690670976,0.3992179655758997
2,6,0.028129906618324072,0.030485411699,0.02811663391596525,0.3975515352685911,0.496803289505,0.3965367229431423
2,7,0.024371608859619778,0.0278073918864,0.02433096727498718,0.4091793825670002,0.528656501484,0.40839477648752665
2,8,0.027287393662346997,0.0300442612016,0.027252273183887676,0.4297691274948144,0.524013785075,0.428896397569691
2,9,0.02677426097515083,0.0293629361249,0.026762456170024596,0.44221760829427575,0.553355857661,0.4403895749229476
2,10,0.02471070094489875,0.0269099611228,0.02469425226997457,0.4598874056819107,0.552450034914,0.45890918245307577
2,11,0.012441518965406835,0.0142621467722,0.012462247961355477,0.3109014651803673,0.440387373636,0.3092690072007712
2,12,0.02602019028807638,0.0285848674125,0.02608417806789387,0.40670339702756697,0.497507149125,0.4057851762350996
2,13,0.0123438438572602,0.0143847814422,0.012268505839609978,0.2996271026787344,0.400561941879,0.2995779181397186
2,14,0.02872263584992376,0.0314586473372,0.028699708897635456,0.4049829375267593,0.501208869143,0.40435596050555334
2,15,0.02719342726834276,0.0296959510649,0.027173337557084787,0.42669289913179764,0.515484830136,0.426411557196956
2,16,0.025547197516273466,0.0273488983225,0.025584799619998932,0.44776303713134535,0.507509254627,0.4475015797735685
2,17,0.011692305223058932,0.0139137672914,0.011680488937951206,0.2865707209505682,0.407458764798,0.28457654148884703
2,18,0.012217590464857571,0.0138830307336,0.012222634992693826,0.3562066416297158,0.449314946307,0.354537766466192
2,19,0.025118734855618243,0.0277452396023,0.025101743556701195,0.3951014049956995,0.482671872846,0.39376554110306383
2,20,0.00403937305212164,0.00589588020895,0.004042966437653117,0.14967180408744388,0.27748153792,0.14767217354863615
2,21,0.028044576255027563,0.0294704932041,0.028051112347132368,0.40612159190273983,0.487117945975,0.4064186994670871
2,22,0.02747374118311367,0.0297628325806,0.027456261210433597,0.4237382871409241,0.5238008529,0.42233564839172916
2,23,0.026646487953742005,0.0291719281275,0.02658156966830444,0.40646927642498726,0.488826411244,0.4047798024506059
2,24,0.02754987074450061,0.0293321840484,0.02759180055669741,0.3850879732459393,0.514882170923,0.3802401347578317
2,25,0.011751537556465786,0.0133175343201,0.011737658966308018,0.3144651630541715,0.424279601188,0.31343987403125273
2,26,0.027294749397353244,0.0296437712584,0.027270650821916376,0.404039391415004,0.490713078033,0.4032797018229937
2,27,0.011999433915279648,0.0135730676364,0.011994356277971296,0.3350219564519315,0.429196181101,0.3368915240169667
2,28,0.026022233108323495,0.0285647215677,0.025980238042167758,0.4357339732611367,0.513364235784,0.4345289455478571
2,29,0.01229587891319605,0.0141160251247,0.012293956463040268,0.3001425394350697,0.398366139153,0.2999553263372521
2,30,0.026299812008660835,0.0286642539604,0.02625485113340259,0.4505819660787323,0.511473772318,0.44972639663081904
2,31,0.02156029759128477,0.0234344679781,0.02154711605153814,0.38622420296977084,0.479018610399,0.3846516487709957
2,32,0.027531181798352112,0.0295444433546,0.027509820345425817,0.3955647195512344,0.484777650028,0.39432007310062833
2,33,0.020796162194894025,0.0227596526095,0.020785653023306427,0.391876581452077,0.468111529772,0.3916770947233387
2,34,0.026797854856166477,0.0288125377634,0.026835761909280942,0.40559980291521325,0.495934739331,0.4031187878807209
2,35,0.025265299724030212,0.0277516759958,0.025195020616167185,0.4140028911121418,0.493082639968,0.4134761678132267
2,36,0.027722495724505657,0.0301558239818,0.027680527543933853,0.41485583973349605,0.495386078364,0.4143535619227592
2,37,0.025865813820130534,0.0280985136308,0.02583546244284607,0.3825718918635154,0.479576158754,0.38258717544315324
2,38,0.021489956565386464,0.0234522735863,0.02146443766289019,0.3807664646506554,0.481524323418,0.37837758689471207
3,4,0.008129016103885434,0.0105418777541,0.008087159654499465,0.2567379633794312,0.397477116786,0.25511759334662887
3,5,0.028648442684261442,0.0308530828148,0.02865775992027736,0.4007818793493774,0.505684750791,0.4002798776010634
3,6,0.027851543354615396,0.0297926303242,0.02786644794468318,0.4119442151493867,0.505596340646,0.4111194304748991
3,7,0.023479363457196693,0.0259633609741,0.023458197099945788,0.432293691997512,0.534731470357,0.43213095597047
3,8,0.0277897089981541,0.0304319836927,0.027804486802134987,0.4234577674004638,0.514188448999,0.4222359331078255
3,9,0.02681163124244646,0.0295076193909,0.02682955535517373,0.44497003594003454,0.546539195916,0.44309358587669173
3,10,0.02477130969477728,0.0264124607303,0.024774734854352,0.45796682279231543,0.563172858608,0.45646943986667343
3,11,0.008883463958976955,0.0106830628493,0.008879625423823034,0.22207307246790325,0.352606841116,0.2195742391541497
3,12,0.02651739255680908,0.0285794362935,0.02657246818644221,0.40328358844000556,0.506469423491,0.4026495399972363
3,13,0.00837321772166307,0.0105213995857,0.00835436673814649,0.21387257260891945,0.335987422538,0.21303081352768194
3,14,0.028696877247636823,0.0307654329433,0.028670564615915994,0.4174005933680845,0.493850826262,0.41735683636482085
3,15,0.02775831401885645,0.0299787635865,0.027756997771272884,0.41841591757789304,0.504508621107,0.41780761500027686
3,16,0.025618757677300753,0.0278866140664,0.02560637604738014,0.44857815595085726,0.520140049856,0.448733960871552
3,17,0.010344404500614758,0.0123708069389,0.010265663314551199,0.2465287540152286,0.367780745841,0.24583345199445433
3,18,0.008669598927014936,0.0102551957293,0.008647181733179465,0.33118257838810006,0.446750350666,0.33016842302576754
3,19,0.025367224957888967,0.0274885527811,0.02542434129823773,0.3999064947579076,0.488915712182,0.39779324912733816
3,20,0.011025516455531178,0.0127390972006,0.011014848962734747,0.28975848650716796,0.396156180645,0.2889020710339727
3,21,0.02711444599543547,0.0288394009525,0.02710326789909262,0.4000544381865125,0.471338138024,0.3998628043595269
3,22,0.028059608332133442,0.0301272051332,0.0280598041404736,0.4183666590053624,0.508312320097,0.41759817539650435
3,23,0.026833733793285873,0.0287426421473,0.026850131602438765,0.4136271392194033,0.504470710341,0.4127193722613488
3,24,0.027875206848449855,0.0299177407883,0.027907507894653127,0.38612092359190103,0.5103060226,0.38281637901405685
3,25,0.008585629587850098,0.0101753844309,0.008573692732093241,0.2233938012188117,0.367333965793,0.2203869111832495
3,26,0.027882711156550295,0.0303786952931,0.027862536739580057,0.40137134483470505,0.489976744336,0.400789743361352
3,27,0.01002028645980833,0.0114616592445,0.010020939114221639,0.31218616325731563,0.403153829194,0.3128416324532718
3,28,0.026471108507845464,0.0285408154438,0.026466036751242816,0.4340111424438142,0.522357699159,0.4336422691450089
3,29,0.00927264365398698,0.0106569387428,0.009282491206126176,0.24376564958519312,0.356812219676,0.2424102920289376
3,30,0.027443029516850674,0.0293899653617,0.027451038271914308,0.42869580940434066,0.493644682835,0.42863303414246134
3,31,0.021973692833553975,0.023519129546,0.021986430021433745,0.37182812113496233,0.477807893641,0.3699729886799973
3,32,0.02830502983494946,0.0303499443131,0.02830088011953391,0.3925420355700613,0.47343375847,0.39150461287028937
3,33,0.021126938436650387,0.0229927646206,0.021142917374186054,0.39046400560415334,0.472274637521,0.38966110060571135
3,34,0.027465568091550815,0.0291455988022,0.027528349626307735,0.40780547594312916,0.527154430274,0.4049171037813757
3,35,0.025906100196374453,0.0279250330326,0.02588582262544087,0.414482985730525,0.493336318928,0.41448039058994884
3,36,0.026745624722984192,0.0291937973211,0.026720394514253565,0.40820994289997464,0.487741796541,0.40790903494408287
3,37,0.02520987002866026,0.0269316860347,0.025210258947991615,0.4007633064054261,0.470184964293,0.4014482147594889
3,38,0.02185552839651737,0.0232779345434,0.02186906130911015,0.37518408984349494,0.463829082508,0.373451033430203
4,5,0.02838301481078562,0.0306399580204,0.028378843978660973,0.40192331017778166,0.486824045948,0.40151200805376225
4,6,0.027483199267031796,0.029188392754,0.027507142364522064,0.414610764703371,0.491320015546,0.4145495961163531
4,7,0.023817923850671975,0.0262052819916,0.02384405661925426,0.4172005135176239,0.492560165417,0.41632345030985074
4,8,0.027884715457365473,0.0302233712912,0.027888696134144908,0.4245807761471295,0.501032799211,0.42363429843853206
4,9,0.0269479508238125,0.029002501395,0.02695998001758232,0.4391966308713873,0.532474606334,0.43687922442661997
4,10,0.025207903879772703,0.0273260098469,0.02517236023735403,0.45178106401270324,0.53723997997,0.4519329093084411
4,11,0.009656861341069814,0.0120837369832,0.009634612202708392,0.23930196228063255,0.364012405552,0.23679511996149427
4,12,0.026338106874852375,0.0285489373364,0.026456578266373487,0.4050848735247768,0.487939428844,0.404492802218826
4,13,0.008420232050369162,0.0108631428376,0.008400993835465886,0.23806697511681282,0.342085975838,0.2376978028404395
4,14,0.028077937810387487,0.0298585452793,0.02808838551407561,0.4210890177355042,0.498822426068,0.4204237756528061
4,15,0.02706615652141294,0.0293462854617,0.027081067464200415,0.42680359884131835,0.489187272467,0.4267148113942104
4,16,0.025444255611200874,0.027176300581,0.025456669545283916,0.4464186677069325,0.5154993158,0.4462384279231706
4,17,0.010222872333863075,0.0121502251038,0.010175517304571557,0.25387812407700727,0.357281096667,0.2527629343327561
4,18,0.009836550440810393,0.0115199700577,0.009841750589525855,0.30187962760017967,0.380322701813,0.3008561875895134
4,19,0.02597041685903571,0.0282910919662,0.02603543233439759,0.39419859606421154,0.483962143297,0.3930880188108846
4,20,0.011970363766329786,0.0139696780588,0.011941811469161068,0.2875269370409091,0.395027752127,0.2870909914316858
4,21,0.027330131787144076,0.0285716041648,0.02734378881354904,0.39785392233684314,0.464895501917,0.39713767770289077
4,22,0.02765793211064209,0.0296503261812,0.027660349421818275,0.4155682074077983,0.491582213265,0.4145901014971515
4,23,0.026936434741627983,0.0288716581766,0.026922982217174596,0.4131413409780182,0.504010872072,0.4115118021151065
4,24,0.026982190000702955,0.0291844695086,0.027046738418850635,0.3986165710274797,0.510376851001,0.39529409016420936
4,25,0.009399249607192184,0.0112473799299,0.00937721239156264,0.22964411093801418,0.336261327283,0.2273835056785044
4,26,0.027600063686524037,0.02992339956,0.027609257966838108,0.40202127334615256,0.468176364844,0.40140074180078444
4,27,0.012283252968098306,0.0139263347237,0.012275883602423265,0.28546887862697423,0.36307490853,0.28629384221110865
4,28,0.026592650019155714,0.0285258993947,0.02658659034843347,0.43373157491679915,0.504359418589,0.43208294466984387
4,29,0.00904802997973868,0.0108519112899,0.009051631465741894,0.2311500417369085,0.330344050218,0.23079257404828574
4,30,0.02688523399522056,0.0293818547489,0.026879701733966865,0.4444632607577028,0.49942865034,0.4448668394293332
4,31,0.02161762753790989,0.0235454174544,0.021606132508599774,0.3810963560295089,0.486451707919,0.37971239854260064
4,32,0.027625473092904893,0.0293403340411,0.02762873972698776,0.39782457302786167,0.470748029404,0.3967116374608287
4,33,0.020311943377729683,0.0225943694928,0.020320257779401163,0.394333899677646,0.464458852887,0.39410908818990176
4,34,0.026687213290900604,0.0284628626491,0.026732762590280124,0.4113675397913699,0.517383176654,0.4093511165262685
4,35,0.025499012541553612,0.0271655887915,0.025466408618044944,0.4203957058242359,0.489166811799,0.42011023933364816
4,36,0.027856486090182542,0.0296222206775,0.02784666963985144,0.4160362240523806,0.484214336239,0.41560285647595163
4,37,0.02504449969911179,0.0269936854035,0.025110127603366394,0.3905036801914265,0.461812320735,0.3900003941099221
4,38,0.02032456968460375,0.0227581770206,0.020309925027860165,0.3915167528978028,0.471737064178,0.3908085175963825
5,6,0.00836146603934528,0.0100432856419,0.008352270116866123,0.22132437055871113,0.315033143419,0.21993124877860604
5,7,0.023282763317925757,0.0255213725935,0.02327895916439332,0.38137297278647486,0.465633471819,0.3804968406274145
5,8,0.008363108195474658,0.0108523038815,0.008374090224488095,0.27252851996871996,0.388700470689,0.27063261220500195
5,9,0.00827548563971283,0.0104704706599,0.008277369898320563,0.2864573356153095,0.411323214014,0.2839074926473777
5,10,0.01725349396767135,0.0194925877391,0.01721615435564633,0.3346716274258366,0.43614990036,0.33224522570157844
5,11,0.02914000637201897,0.0313441782432,0.029157322674178976,0.4034501135461261,0.48704914629,0.4013575469033152
5,12,0.014562865423372161,0.0169685568111,0.014542148830303914,0.2980715148860409,0.381121903645,0.2966178557730471
5,13,0.027719461588414398,0.0297435863492,0.027742100596293617,0.4275371171441472,0.4988493584,0.42698093750590155
5,14,0.007939851569730831,0.00950864643659,0.007937712168516964,0.23977122900140477,0.333827779871,0.23753212971646703
5,15,0.00849181464075009,0.0101529353276,0.008505620094010957,0.2865239200146381,0.366726475133,0.2844987715749638
5,16,0.01922152080989925,0.0219434060376,0.019187453284675582,0.3039927455202274,0.395829387619,0.30283568697177776
5,17,0.029408445219409978,0.0311128009142,0.029415804029463366,0.38483750442206527,0.461193911963,0.38529361239667226
5,18,0.028639568033117208,0.0305473734063,0.02864948068683243,0.4214045742822394,0.483331583272,0.420366814357963
5,19,0.024909309187310616,0.0267378965672,0.02493010316037303,0.3628510944243385,0.433362592794,0.361433172314398
5,20,0.028904530607591877,0.0304762426926,0.028914059035011652,0.39010168010630814,0.465748376368,0.38811153701780204
5,21,0.007043397297163815,0.00833791031152,0.007095980198780993,0.2623558524940514,0.310071545098,0.26111174412788973
5,22,0.009330032248778035,0.0109466027745,0.009330011751701506,0.2514384616523492,0.348730110493,0.2509690692293493
5,23,0.013670528006211114,0.015492086968,0.013711950780945503,0.3241525202502159,0.391803224121,0.3213772847993442
5,24,0.008271048472035341,0.009873188674,0.00835740335709223,0.26941653647911806,0.39163260755,0.26562413055529543
5,25,0.028732835308378463,0.0303896799322,0.028740959430715862,0.4084288866591073,0.475867046183,0.4080206157805981
5,26,0.008359657959792965,0.00989333523554,0.008386358295633445,0.23496609629650259,0.319434380728,0.23300893288412916
5,27,0.02874083444009871,0.0307977378823,0.02872813636654642,0.39420930779383934,0.447165787699,0.39370775950796094
5,28,0.015279258931628101,0.0167383932028,0.015290761354607774,0.3150202744994518,0.394046878631,0.31233835741147703
5,29,0.029111268723121166,0.0309383912332,0.029114149273250955,0.3967224642009533,0.462239838715,0.39601441108831914
5,30,0.015899894723675242,0.0172379531194,0.01593090432143235,0.34878826281881076,0.411051468351,0.34799660714052943
5,31,0.026446343477612117,0.0282103504096,0.02646840230498998,0.3578530832507467,0.456231257688,0.3558725117955632
5,32,0.00870974884304385,0.010058788023,0.008704944341050735,0.2675671075899949,0.351195813346,0.2658359356424239
5,33,0.025790032738344067,0.0272038932234,0.025806100601491966,0.3872163067335193,0.443098697428,0.3860680062571094
5,34,0.00760921359718854,0.0094198020419,0.0076326164233542215,0.24720853923379368,0.356704828887,0.24492606575040377
5,35,0.014629066858917995,0.0163383252013,0.014623519939866048,0.32188248514475587,0.384929031555,0.3235185777544396
5,36,0.008411496717479696,0.0101663024256,0.008402447422404757,0.29204381637483345,0.358884981102,0.29042288467844474
5,37,0.02465364299311689,0.0261714657268,0.024692048021131452,0.35354129267390033,0.417057679546,0.3531059664779571
5,38,0.026219787059196784,0.0277617284261,0.026238868775817936,0.3818691909295467,0.452430532354,0.3804257886767604
6,7,0.025098828547467995,0.0268109470045,0.025078707148666946,0.34685241521937565,0.430055589393,0.34585196666973317
6,8,0.009624310623508811,0.0113833592394,0.009633891916031312,0.26998626414361315,0.361235886928,0.2691164763291287
6,9,0.009643541300345324,0.0113385651892,0.009649706939484748,0.2863776420586714,0.392376536331,0.2837107150578612
6,10,0.017616350004764626,0.0199953785245,0.017587563483355217,0.3241596961147387,0.414728780213,0.3211918371855136
6,11,0.028872918421593754,0.03022312081,0.02889634174150668,0.40701285812212096,0.490309513047,0.40417749493472177
6,12,0.014440854841785587,0.0162246765022,0.014457836809608993,0.29892014136522815,0.381905784343,0.2960389290467915
6,13,0.027560538875748046,0.0293147035747,0.02755783152058905,0.4320071764948706,0.499216301585,0.4311839162248782
6,14,0.00313240451700976,0.00483309142403,0.003146047974640076,0.176773935647355,0.271740203214,0.17444952245015277
6,15,0.009998958766357268,0.0114635996349,0.009986990163792064,0.27750274952622456,0.338479457579,0.27673307919858237
6,16,0.019938188994581843,0.0215961855326,0.01996372312160699,0.31001615924359455,0.370927728336,0.3090390304357775
6,17,0.028083881009079756,0.0300320739571,0.02803024284285993,0.39285972882923226,0.465165154518,0.3936387106264434
6,18,0.027926033765353152,0.029495857322,0.027928615660215927,0.4218431012592468,0.471925284665,0.420820373489818
6,19,0.025395535634067608,0.0272274205738,0.025394334831989718,0.34441571599842336,0.410466517257,0.34211159496620697
6,20,0.0280832885204526,0.0295168823882,0.028082829964125366,0.4015387457533135,0.460179925663,0.40045714492537854
6,21,0.009367144429006666,0.0101713795428,0.00938567478043234,0.26474771588855117,0.314064996645,0.26431321195355856
6,22,0.010523022050935358,0.0118114417009,0.010570140978195863,0.2373624992977267,0.317628420599,0.235564535686631
6,23,0.013822865785238798,0.0155487010043,0.013827990223622355,0.3215676471619039,0.386911223303,0.31890987046666464
6,24,0.009968395691318717,0.0114727531034,0.010077483244522067,0.2425545072763731,0.365900181434,0.2376247240246454
6,25,0.028751214544255804,0.0304814050845,0.028752034022215378,0.40822376500252533,0.467976660696,0.4068098472770865
6,26,0.009625145536640347,0.0111709814857,0.00962737718455331,0.24080102681977605,0.327104589473,0.23960643218979627
6,27,0.02851781432767304,0.0297294598682,0.028539099567832626,0.39741370169528173,0.446688905962,0.39770260921112704
6,28,0.015321595033058353,0.0165132385635,0.015324968169992847,0.3152493553767719,0.389225311879,0.31281318903378397
6,29,0.02825344459503583,0.0297693905498,0.02824421364096147,0.3977376269614735,0.464820546921,0.3966608687072768
6,30,0.01704552944583812,0.0181859636329,0.017065503346352817,0.3348961632290761,0.382472535397,0.3345476203385652
6,31,0.026457935170592823,0.027682069136,0.026467711783345393,0.35144042863188624,0.429148567773,0.3494744387918708
6,32,0.00993312574266033,0.0111780992307,0.009946736775748866,0.24480558823226187,0.324080416177,0.2436403801698216
6,33,0.025686011771945773,0.0268191278327,0.025714366726103832,0.3708976623039397,0.432388329273,0.369682265132993
6,34,0.00926658726657512,0.0104380337765,0.009273920332200813,0.2320267447061059,0.328455031853,0.22988254707861594
6,35,0.014286725885485942,0.0155026436654,0.014281767680023871,0.3096358153674531,0.385100956727,0.3125164469044347
6,36,0.009938224775335222,0.0112376300327,0.009946233527727222,0.28120326421771663,0.340604192744,0.2796152045069261
6,37,0.024879984971048232,0.0264842667586,0.024896844168848464,0.3366485213298788,0.393679831473,0.33624125441935365
6,38,0.026789153686409602,0.0281005682052,0.026834854126227325,0.35962227838102273,0.433936005118,0.35731716479284187
7,8,0.02383817966480311,0.0264517735581,0.02383487909405624,0.3838285403574441,0.455443705979,0.38231688892980187
7,9,0.023085697452013318,0.0255036298722,0.02308994486592081,0.39741634516673635,0.496796175141,0.3957683633028981
7,10,0.024040127398218113,0.0255713695441,0.024036283476415954,0.3655864053737484,0.444681863347,0.36416965714673455
7,11,0.025887600966493417,0.0279060748134,0.025889188259499818,0.4034011352604009,0.487766832963,0.4025103514719071
7,12,0.024129057847951316,0.0263971773533,0.02415814420770146,0.3414920880046524,0.410530761752,0.34025071707410126
7,13,0.023222673724825605,0.0257586959178,0.02321346717617212,0.43753200414536714,0.506081370435,0.4369817547658994
7,14,0.024685738657027424,0.0268843709072,0.024657282968835237,0.3703683406747207,0.441640428955,0.3685886204809239
7,15,0.023822075632125184,0.0255299611592,0.02382235588774978,0.37863130078916235,0.440971736472,0.3782201944163459
7,16,0.025206080413602786,0.0270274151133,0.02524877206032128,0.3412311132100873,0.395212179813,0.3413256226126962
7,17,0.02389594478499424,0.0268016697758,0.023828195676881325,0.3997458076840972,0.491607461981,0.399811449308718
7,18,0.02454279513959929,0.0266855480244,0.02452911993064466,0.44755995951699834,0.511551745256,0.447032185663805
7,19,0.010466990875957104,0.0131933021926,0.01043738020687629,0.2598267679158447,0.360251580297,0.25778424076376216
7,20,0.023807385434546965,0.0258477624151,0.023800398683987534,0.4111077402445706,0.488661563243,0.4100818945768523
7,21,0.023639783491530012,0.0246740625112,0.02363081917307308,0.37028276365026125,0.415279309499,0.37021186025530334
7,22,0.024205171771121754,0.0262882156496,0.024223877807522665,0.372353767539109,0.447748378117,0.37193897473061777
7,23,0.024420153489164154,0.0263366314679,0.024437403410405567,0.3648642180509232,0.432923817496,0.363111243929768
7,24,0.024949263497294746,0.0267211776698,0.02503564293407845,0.34278114854406466,0.458580931448,0.3388553292465678
7,25,0.025080429506821576,0.0271935567086,0.025096819819179994,0.4212127102283727,0.493880849401,0.420473028334688
7,26,0.023948872180712955,0.025638988355,0.02394627177504982,0.3576966199302401,0.414283184339,0.3566218407842232
7,27,0.026425409950972926,0.0281859644466,0.02640818195551542,0.4009311761532426,0.455795494513,0.40179744967729225
7,28,0.024598682308721382,0.0268368253344,0.02460288457332671,0.36709889580708555,0.421629668081,0.36579200961518665
7,29,0.024163596979942737,0.0265580286323,0.02415369849305754,0.4039125004592531,0.47706444673,0.40283758944601716
7,30,0.02458476396379374,0.0260016392049,0.0246041500557716,0.3978842724263494,0.449716904023,0.39787225093179107
7,31,0.01994291264817813,0.0220627573945,0.019975286248200663,0.34412615095325017,0.44160229987,0.34298317363063757
7,32,0.02362956267649598,0.0254900631704,0.023583232000162324,0.35755917879949606,0.417311923885,0.3571563783510926
7,33,0.018664325925192907,0.0206688649717,0.018676944405639717,0.3652265078673175,0.443195113537,0.36364150463915734
7,34,0.02327246808814798,0.0247709108095,0.023308527185110006,0.3611415331405366,0.460712359253,0.35802138779820186
7,35,0.02412764307244993,0.0257695199656,0.024187736022623973,0.3434276236971958,0.422406896359,0.34331011619065743
7,36,0.024521943587151512,0.0267367421485,0.024500853481551288,0.3581975363227699,0.411067480022,0.35723840867239953
7,37,0.014071117395174354,0.0163514779582,0.014044638878462079,0.29408347757828285,0.379667330765,0.2954133184454872
7,38,0.020321788133917593,0.0219733292853,0.020374997114943894,0.3424382848376545,0.438593371255,0.34019596375298283
8,9,0.007364553493011143,0.00961713130896,0.007327276141008865,0.24386202206530055,0.370271175492,0.2407044433955507
8,10,0.01807827166341614,0.0203445704946,0.018065044769805527,0.3781932317667371,0.468561705964,0.3753394966508854
8,11,0.028586011832185006,0.0308509339293,0.028611617237809084,0.41833426816940106,0.511044774392,0.4159614056960425
8,12,0.014205699812954645,0.0160860592348,0.014229897843934802,0.32109434718952234,0.417419784531,0.31898504224134716
8,13,0.02697054893326363,0.0291749911592,0.026951270306424635,0.4467372580773279,0.521575281084,0.4462017893654707
8,14,0.008761701070320111,0.0101717932213,0.008761137384216744,0.27562350729654306,0.365868972556,0.273844954431398
8,15,0.008725447218511694,0.0105836203003,0.00871065995068071,0.20394028441526205,0.286913816645,0.19967730864328304
8,16,0.019643926373900486,0.0211913264696,0.019674036802023176,0.34521157924610896,0.415800133423,0.34330305099661595
8,17,0.027409144212161875,0.0293006479942,0.027425829401231394,0.42814272448245205,0.491165677044,0.42675599900177286
8,18,0.027876865978304584,0.0293761808498,0.027943743672854127,0.44050526192314965,0.508142967568,0.4380525001868082
8,19,0.024405879931500014,0.0272695472787,0.024416776138508234,0.38312992026229575,0.453555203383,0.38112602284932384
8,20,0.02725471741661073,0.0289766111982,0.027267556666364712,0.42705201575919355,0.501505821768,0.4249811745468056
8,21,0.008033958965848334,0.00926347656166,0.008048170600082116,0.28798570196565837,0.363734669303,0.2876604046995578
8,22,0.009819468584985636,0.0112234678917,0.009815325938837605,0.28082140710128123,0.385583639731,0.277964662656507
8,23,0.013807898916295414,0.0158330676539,0.013823857970961972,0.34207858380385725,0.43597571987,0.33856927946159376
8,24,0.007895391449790899,0.00915776851883,0.008003161593832853,0.26905094268197566,0.417015788099,0.263489906368801
8,25,0.028107376561773912,0.0301472761851,0.02811180457937079,0.4266654704557815,0.495009754884,0.4252052129740754
8,26,0.007726614504640368,0.00903809478866,0.007736591294046691,0.2696620103492557,0.355333041085,0.26728943985351294
8,27,0.028310537359506237,0.0298774577056,0.028331429339735426,0.42024874900456677,0.472287420631,0.41969387576806616
8,28,0.014129981695073023,0.016292805352,0.014055689068290356,0.25906257350506645,0.344260520562,0.25453188644879887
8,29,0.02831236462426486,0.0303542134756,0.028304743228661444,0.41948545466160353,0.480955633517,0.418455857140553
8,30,0.015551295623814838,0.0168588524792,0.015549840539297033,0.366423345520626,0.432376376421,0.36477615389904117
8,31,0.02630708184026611,0.0282407016807,0.026300165549390853,0.37973247464746634,0.466131054134,0.3784144339676466
8,32,0.008328774657480335,0.0099306218364,0.008357519085296805,0.2743566430128515,0.368927531,0.2733788545636725
8,33,0.025736932676676115,0.0278862973117,0.025755560164227753,0.39837094919800753,0.469934075756,0.3969945379803548
8,34,0.0072515797347613275,0.00876170139355,0.007245754264353477,0.28695428868649353,0.405305976476,0.28523427080098435
8,35,0.014248815455324916,0.0153599416296,0.014245315509618162,0.33706968240091645,0.417716559219,0.338948224650526
8,36,0.0069142619511145375,0.00838065610609,0.0069102060645832575,0.20278481552987007,0.28007282047,0.19602395985441246
8,37,0.02523008526319078,0.0272376311091,0.025278419886559933,0.35644205341501534,0.421393965605,0.35696448001764086
8,38,0.026261648200118507,0.0286219039493,0.0262961145569528,0.39168983269311164,0.460303139316,0.38973675032701827
9,10,0.017895306137770663,0.019456847493,0.01791755707010545,0.39181846005031734,0.498243006649,0.3887738872664457
9,11,0.027975301288088675,0.0295170173652,0.028001723496411668,0.43632768800981503,0.543404885283,0.4331416058500841
9,12,0.014482748758952859,0.0165884163315,0.014510357470287782,0.31693561137139514,0.428893713214,0.3147268926492717
9,13,0.026558971515782123,0.0282230586841,0.026585878634475257,0.4591173996160318,0.545159020477,0.4571935764401839
9,14,0.008952570269038904,0.0108629083677,0.008945740928295087,0.28403608797099433,0.403377955563,0.2811389258636944
9,15,0.008166783084828547,0.0108152169395,0.008156893268963572,0.2255107397095921,0.332986853633,0.22406288498958443
9,16,0.019457885722074336,0.0208296023814,0.019490893876895232,0.3596607060094282,0.457336839377,0.35737641876027637
9,17,0.026375260110342736,0.0282916711568,0.026381352257932755,0.4465931875673896,0.533052883404,0.4457248557464849
9,18,0.026544138086345634,0.0282250743729,0.026581962281514493,0.44212334920992397,0.517269870538,0.4398068867704074
9,19,0.024271256310734256,0.026180493573,0.0242810414060064,0.38773469335907623,0.492872193703,0.38571928382635884
9,20,0.026973193588270068,0.0287759407346,0.026991145197803434,0.43747014812751334,0.523774773268,0.4348145005926128
9,21,0.008023556294348668,0.00908319254982,0.00804453444899883,0.2961169244248556,0.390882641964,0.2943124108851335
9,22,0.010201474363826155,0.0118079805017,0.010209471805254222,0.2759277806512122,0.386068405156,0.2738600381856057
9,23,0.012743905871327807,0.0144797320842,0.012761111354358201,0.35760411820056065,0.45686626444,0.3540288907193699
9,24,0.008417043588269198,0.00981270146058,0.00849647465758585,0.2939643956478865,0.445224821139,0.28796152016155735
9,25,0.027286486450601808,0.0295173644339,0.0272986543721484,0.44252653557471056,0.534103934649,0.44025069251610505
9,26,0.008198343153667716,0.00969636273602,0.008217254879865576,0.2785647012862015,0.386108897821,0.2766625517276295
9,27,0.02697117526681998,0.0288492144574,0.02698560851546028,0.4443064808896073,0.514782888845,0.44407320055971145
9,28,0.014973051789203126,0.0165203433272,0.014970010117515475,0.2718441212632799,0.386500319871,0.26819550798851366
9,29,0.027471464050613778,0.0291689268157,0.027490396107955284,0.4326591383115703,0.508517378521,0.4304510078154888
9,30,0.015706087856402248,0.0171822505045,0.015729359764077244,0.36898893872106087,0.453077502384,0.3672423119551368
9,31,0.02490947170810474,0.0269603566409,0.02490990710436053,0.39718473734381615,0.505897513843,0.3946487731490585
9,32,0.009003752381691186,0.0102687149132,0.00900799836001459,0.29285827040402745,0.404982545379,0.28993858313733195
9,33,0.024553308161762693,0.0264443885023,0.024563330425385832,0.4099357874400386,0.499879382361,0.40831884812409674
9,34,0.008198148999158177,0.00955111261854,0.00820329444318052,0.28200112879136713,0.427358016792,0.2788143167831666
9,35,0.014263967826415631,0.015539633277,0.014280574101196764,0.3386333539205752,0.430491589511,0.3380948031558071
9,36,0.008104245677731388,0.00989296704654,0.008063492512725756,0.26157979077785937,0.347255021913,0.2599271957452707
9,37,0.02455148948737801,0.0260433410297,0.024594376012832486,0.372007696991958,0.479459735085,0.3703191956332298
9,38,0.024965430841773856,0.0273057102016,0.024995399274118535,0.4121200189467069,0.503305843599,0.4092205110614857
10,11,0.025869485434948027,0.0273918294324,0.025862450677635707,0.4525861492089102,0.542015803416,0.4508098024427181
10,12,0.017431799778566306,0.019723012362,0.01740954584073784,0.3587153720550797,0.4384133472,0.3567426949772391
10,13,0.02462912188147111,0.0261825405932,0.024649731207612824,0.4733333367369212,0.541865891074,0.4724415484740129
10,14,0.01730722955126382,0.0195446179816,0.017314784811315875,0.3446458273809402,0.439031192468,0.3414833386531343
10,15,0.01874973006820679,0.0207001094718,0.018778312623529803,0.3777417482877546,0.453996575136,0.3754676384404152
10,16,0.013357226369295146,0.0148476323513,0.01332967467502022,0.29229752504282724,0.374931017311,0.2895031165158126
10,17,0.024680802858756304,0.0267243516101,0.02467126724391372,0.4525811393012232,0.534129748467,0.4526941490253455
10,18,0.024894950029002418,0.0264744208069,0.02489854225956012,0.4804850388949697,0.544551618939,0.47838269374188325
10,19,0.024948906424756105,0.0263202229398,0.024994806492836252,0.3492598914186727,0.43024695833,0.34723349807548093
10,20,0.024777437764587722,0.0265763189573,0.024790435904911257,0.4601210953248294,0.535240132867,0.45833148466352747
10,21,0.019041521792312017,0.0200222753481,0.019067198499116256,0.3577286036604299,0.412901028828,0.3553021463492105
10,22,0.01706236340615556,0.0188861010455,0.01708795477749947,0.342874635008634,0.438105176692,0.34072107009186836
10,23,0.016690923479498448,0.0181196165689,0.01674190388165786,0.3899954411603365,0.475043981384,0.3878719727146859
10,24,0.01913713739943228,0.021307642877,0.0192363312986068,0.35099616279238155,0.475938320245,0.3454542424998184
10,25,0.0254840297170785,0.0269089198846,0.025482773571243122,0.4575137626212391,0.525056987687,0.4568341274654391
10,26,0.017847811997897624,0.0194890597349,0.017834607015418058,0.34480422001379224,0.42417177703,0.3436597819974462
10,27,0.025484736754822587,0.0268050419282,0.02551092913584052,0.42375911411302697,0.47723651084,0.42175919139392926
10,28,0.01785994939055994,0.0197046109133,0.017884416892824717,0.37835597827593187,0.465149829118,0.37475522169503905
10,29,0.025912933541558714,0.0272964879426,0.025908723849725757,0.4440103971689631,0.512908539439,0.4427084928578396
10,30,0.0196057684827638,0.0205678361024,0.01963023428634897,0.3814312296197838,0.454393280723,0.3788651869155398
10,31,0.024467407735181985,0.0261644771243,0.02446644018357802,0.3869569597813045,0.481497696231,0.3841189475120619
10,32,0.01842477391070318,0.0197940380379,0.01844305422504433,0.362852450865044,0.441785025107,0.3610403092901877
10,33,0.02390810209429482,0.0252268759893,0.02394870747336808,0.4103900256298658,0.473658495552,0.4084812900788264
10,34,0.01819686938971292,0.0195371220825,0.01822715157506183,0.3475624671148979,0.464908497468,0.34333857532880946
10,35,0.016918781924364985,0.0187119860597,0.01692077983424428,0.37648576237472114,0.445078896975,0.37718530577711534
10,36,0.019049333965820255,0.0204165184849,0.01903449770632204,0.36951218122923407,0.440240079785,0.36739015514061
10,37,0.024690680426616454,0.0261894362037,0.0247136150825783,0.3572157888066271,0.419992045446,0.35588121542803464
10,38,0.02558109312337085,0.0271468825049,0.025593900635399958,0.38405547783130756,0.456129076988,0.3814285318544481
11,12,0.027524127920112447,0.0297260284608,0.027560441735323016,0.40046368244216185,0.494030323169,0.3986287195826482
11,13,0.009931611512703891,0.012003972913,0.009911417454427973,0.19800491007625615,0.310459016119,0.19585418749967992
11,14,0.029539562504661693,0.0311454138162,0.02954394975646263,0.4163191366003854,0.50620674472,0.4147816963588239
11,15,0.02881127653040418,0.0302520720775,0.028823592243150398,0.4122936997591266,0.485856209234,0.4107811798188076
11,16,0.02673150698672468,0.0280201060471,0.026731782207498445,0.43587048933543315,0.49781938015,0.43480175300951474
11,17,0.010006169696126064,0.0125749639002,0.009883835906201788,0.24627342280044728,0.358309916472,0.2446929078103235
11,18,0.00984810294864881,0.0111571434343,0.00985483580847607,0.32153396079520336,0.425517439546,0.31841706291875427
11,19,0.02659112060445952,0.0286009907334,0.026606637963501767,0.3931554346758762,0.477289079885,0.39083313639789535
11,20,0.012295366868084842,0.0135622354838,0.012298792761631372,0.2909062666354898,0.391944498425,0.2881669179653839
11,21,0.028044068706678294,0.028917539619,0.028070467456462633,0.38813686139273496,0.460401286375,0.38686419300899805
11,22,0.02856247007829971,0.0299159020661,0.028604383663300426,0.4164981555267932,0.49589144917,0.4136388330773304
11,23,0.02718540195854149,0.0290958778368,0.027176198140937913,0.41546183534285874,0.504176729678,0.41284417859194444
11,24,0.02850291202756892,0.0297817969868,0.028579293471745038,0.39245344733983245,0.499950407427,0.38731658657108586
11,25,0.008528991470118319,0.0100044314817,0.008522946191333036,0.2260178885478331,0.351081575908,0.22103078004366922
11,26,0.028583201645193436,0.0307108918446,0.028559091539359427,0.39758151373186956,0.473679966384,0.39594677705423037
11,27,0.010701640371938314,0.0117199646618,0.01071027421862264,0.2985872729030504,0.381266977594,0.2979179200581266
11,28,0.027439538297989292,0.0290484962604,0.027458452404948153,0.4324640253914936,0.50921940916,0.43066185228662807
11,29,0.009783967029672363,0.0116990154692,0.009768830597435996,0.24101794027126633,0.352567738906,0.2394408690925503
11,30,0.027714510353356474,0.0292051541405,0.0277267743462557,0.435848369619219,0.505189056244,0.4343485967487903
11,31,0.021328442962180644,0.0228225002492,0.021329374233068465,0.38915059966818405,0.47701896238,0.38686982054103486
11,32,0.028583187612405588,0.0301153002756,0.02860147709785954,0.40289653614601845,0.488618379984,0.4009322106832568
11,33,0.020439352677266796,0.0217950393783,0.020447858610921077,0.41261768053292175,0.485240813409,0.41114286853379933
11,34,0.027715854431905756,0.0290798476009,0.02776528461413802,0.41173281592641614,0.523668271309,0.4077849727944498
11,35,0.0269900345884716,0.0286719734081,0.02697944155976778,0.4169704777865288,0.49385603941,0.4157698279315437
11,36,0.028475598617576904,0.0300746669609,0.02845954258033423,0.40725504682928826,0.478163668948,0.4057804444327198
11,37,0.02614294682036319,0.0277354922172,0.026169364510639725,0.3965133184491119,0.469513792288,0.39605685757827586
11,38,0.021182243490558354,0.0227013037845,0.02121579658692263,0.39457166488535905,0.481604320378,0.3917344068287557
12,13,0.026177434860599376,0.0283807802072,0.026220067289819404,0.4193240189167596,0.477921798992,0.4184441201923116
12,14,0.014077161526380718,0.0161251752291,0.014022521549557687,0.3141565249548613,0.38283245925,0.3138160508794734
12,15,0.014606045770165253,0.0165000508484,0.01456030062582575,0.3168452537104024,0.397284388403,0.31531423544216874
12,16,0.017811477128071487,0.0195439361806,0.017695837962773853,0.3470525918594756,0.395697815817,0.3456853750328898
12,17,0.02591169590132871,0.0277895169438,0.026097804217421805,0.40459731034028595,0.470700140598,0.40422694220706196
12,18,0.02657633813730872,0.0286908780886,0.026596298978625255,0.428534980219501,0.492151259405,0.4271799968619818
12,19,0.024305255103277516,0.0259818461779,0.024438512098989895,0.34184795225221337,0.413215262501,0.34115041309894195
12,20,0.026080013802772938,0.0276547276746,0.026150182444045877,0.3955565271916362,0.455653037707,0.39401180477644915
12,21,0.014237439536977465,0.0156083491626,0.014248080848470013,0.3003667205470722,0.34707827731,0.2986617434611512
12,22,0.01520253371245041,0.0173643759987,0.015119676227854484,0.28704730379985083,0.371870107164,0.28650947145154937
12,23,0.008355242407502446,0.00998212681676,0.008337350857927639,0.28198035118379444,0.367080056814,0.28164820155279136
12,24,0.014061036541462447,0.0162166139263,0.014170570603879717,0.284231238758811,0.387296682615,0.28027200234337046
12,25,0.027215775926561846,0.0287751148444,0.027302817139736424,0.4041367922034186,0.472837517922,0.40294440356305683
12,26,0.015316683693861424,0.0171283573018,0.015305915694223793,0.27140749816905946,0.351769032474,0.27160833231146486
12,27,0.027406655033866086,0.0290725210596,0.027452759926505865,0.39988349638856047,0.450484517655,0.40111078445879556
12,28,0.002327195528230256,0.0041998932888,0.002259637111304169,0.21161404908400008,0.308285473625,0.21373133839456804
12,29,0.02772995871340634,0.0298533949903,0.027907011531525527,0.3870540879349981,0.441841249521,0.3863706525430894
12,30,0.01724023080298169,0.0188686585643,0.0172127548231904,0.3250417639623794,0.379885104568,0.32485805869495665
12,31,0.024740227789343646,0.0265250872357,0.02478196285236678,0.3557031407835445,0.444124134147,0.3542712378613819
12,32,0.014515458997952792,0.0162968521547,0.014479816194443162,0.2835351616789652,0.369264418738,0.2807977021360295
12,33,0.02363345994421895,0.025509930084,0.02363727408855143,0.3882027927568134,0.439934315104,0.38790562859826605
12,34,0.014036651426810633,0.0160345121153,0.014098191286154083,0.2910693985347407,0.393408016828,0.2890686913267469
12,35,0.002745912847551807,0.00429315851367,0.002694859170018382,0.21331816155642394,0.289242262785,0.21576973868252025
12,36,0.014579204656038272,0.0161027809715,0.014603513306565341,0.30633077031296774,0.372580982614,0.30526797890996626
12,37,0.024305202219125858,0.0258030598469,0.0243500649878462,0.32389465420947716,0.382979073796,0.3244455972915047
12,38,0.024341966038311895,0.0263196619269,0.02435897499924239,0.3756460834522761,0.438756170594,0.3761832745528872
13,14,0.028266406915272737,0.0301026090533,0.028258744100319533,0.43666810467892975,0.504151041224,0.4363014961582192
13,15,0.027600332479938153,0.0292948351563,0.0276001087390621,0.43570987106671183,0.498763681319,0.43506897396110195
13,16,0.02523193472235075,0.0267929802829,0.025238767114413918,0.46201637546771135,0.494785365482,0.46207388895645013
13,17,0.010583377827323399,0.0125463735291,0.010510016080255924,0.2572360256141191,0.35038908787,0.25822438286492966
13,18,0.010017499484280313,0.0112428860787,0.010023053664058867,0.3213496687005215,0.387669869599,0.32079498162339415
13,19,0.024838537675153406,0.0265558547463,0.024874526548473497,0.4176972514459744,0.477425525347,0.4167332141724136
13,20,0.012021423803270578,0.0134001816274,0.012013809540707077,0.2873400065111551,0.367637028839,0.28601136191717624
13,21,0.027207493540575296,0.0281790559451,0.02722222926448281,0.40781807131745695,0.457838517156,0.4084201650019966
13,22,0.027669610799464707,0.0291562193499,0.027701238425030805,0.4349058172637748,0.490569681022,0.4341338897159732
13,23,0.02661617430157943,0.0284102497662,0.02662822071006754,0.4279933011912303,0.498666754161,0.4265936164212657
13,24,0.0274429613111391,0.0297404711381,0.027429236093474918,0.40884786130291,0.491933752127,0.40638121648581005
13,25,0.008157268588839525,0.0101036202476,0.008156093070986137,0.23318715106738405,0.329919243913,0.23142038788015273
13,26,0.027324334355647496,0.0294109772901,0.027305810698532218,0.4219987930637065,0.471850052369,0.42158719516039667
13,27,0.0110383258729047,0.0127520371855,0.01101177393434194,0.312928754211655,0.365880624494,0.3133747548540682
13,28,0.026154277915828236,0.0283788305324,0.026154028956621778,0.4505315879516011,0.508375501644,0.44992630874541584
13,29,0.009769177477781284,0.01124227998,0.009774865168989899,0.2441990243559396,0.315383681231,0.24425653662755553
13,30,0.026339300203368214,0.0278906352735,0.026362605248028415,0.4591211878280198,0.492336539419,0.4597436958141897
13,31,0.02102933882429497,0.0229176474244,0.021041694301935587,0.4016063113002236,0.480602566624,0.40055442958071863
13,32,0.02778405839210743,0.0297120173891,0.027790691368198228,0.41467323399386724,0.492406977717,0.41426300552185646
13,33,0.019665263780198453,0.0212867997229,0.01966808364074346,0.4212183372296382,0.475863459729,0.42132185788225796
13,34,0.026769645042406583,0.0280538062126,0.026798900907593015,0.43074396896977274,0.514731950161,0.42945367362893616
13,35,0.025652200540919472,0.0275110820508,0.02565919295479291,0.43226633827839084,0.488562597224,0.43271886246705366
13,36,0.027213627870133095,0.0288662402432,0.027209536910730636,0.43209464645280615,0.484264605104,0.4317476039472847
13,37,0.024490191892133403,0.0260285569233,0.024483451729768735,0.41859196154982287,0.478953034947,0.4189020239089906
13,38,0.0202609438233912,0.0217196473832,0.02029805631919307,0.4078689253824172,0.476639123405,0.4072364361080688
14,15,0.009435505559285797,0.0108290526213,0.009424101101106641,0.2870960946565514,0.369305751653,0.2848984031401993
14,16,0.01863840437446099,0.0202660456465,0.018624847640063447,0.32906111153707573,0.381452045924,0.327428835252982
14,17,0.029077230600599076,0.030911905723,0.02904522641263807,0.3959715259750038,0.472250404123,0.39571791868643885
14,18,0.028502683281894044,0.0300216711303,0.028497359845250703,0.434209872863834,0.497676654651,0.4328760964365568
14,19,0.025596965499468084,0.027788813837,0.0255726763534338,0.36335166470390967,0.431253489689,0.36122594302922073
14,20,0.028877704256370224,0.0303063923869,0.028874166470032936,0.4013416685946485,0.473504208586,0.39909893050319634
14,21,0.008581099245051663,0.00960442653015,0.00856317659292094,0.27687437514503654,0.327130811966,0.2759560211680276
14,22,0.00906729437181169,0.0104923206941,0.009043659683010297,0.23807074868028663,0.317560829587,0.23548905399399717
14,23,0.013285596842784752,0.0146919151479,0.01328350582532778,0.33116485393494755,0.394179755443,0.32967083943283315
14,24,0.009332841033291546,0.0109320804332,0.00942565218124164,0.262873298686423,0.392468636883,0.25758458027765757
14,25,0.029068422467922163,0.0306616131093,0.029091244334856048,0.42082846852588995,0.494013916874,0.42091736472447255
14,26,0.008386650881035428,0.00985696163287,0.00837480298914589,0.24904512917307375,0.327721728737,0.24762683932803858
14,27,0.028313923138442543,0.0296238324569,0.028319458036441925,0.40053071227090403,0.445236308604,0.39861375073332794
14,28,0.015443072122433543,0.0171022106246,0.0154215887156669,0.32177267709237733,0.392312652482,0.31901900865397
14,29,0.028803277966623186,0.0306714736785,0.028784736034702607,0.4071666523225854,0.483222714677,0.40746080614939223
14,30,0.01691675331436818,0.018135248301,0.016903691959029465,0.3316732353506833,0.39446591453,0.33027266773156805
14,31,0.026364128836703644,0.0279205832097,0.02636321880891984,0.37166370091110096,0.463289400813,0.36847975548429396
14,32,0.00917566148769717,0.0104366564746,0.009146554626151826,0.26571968701394216,0.364308423961,0.2634514341147461
14,33,0.025658406272781483,0.0274296727959,0.02567588749336036,0.3896427426112285,0.466789954283,0.3878334231790065
14,34,0.008423810158856094,0.0100769153797,0.008441972027992128,0.24934065742636774,0.337910214574,0.24782607784961952
14,35,0.014140362480925326,0.0154123300577,0.014110487712759967,0.3253429305717235,0.386232028602,0.32603498716018275
14,36,0.008994122379364335,0.0102107376002,0.008988449599795889,0.2902490050450013,0.348831084403,0.288427788542315
14,37,0.025318564818313488,0.0265324213944,0.02534967730187271,0.3492825637253675,0.409045524809,0.34759484477400815
14,38,0.026189287244644473,0.0282141926396,0.02618855393893571,0.38553278117504647,0.465477163815,0.3832683552067862
15,16,0.019989184400299346,0.0212649273918,0.01999394545798805,0.34698415225194723,0.392348357259,0.3459474662437447
15,17,0.028203835311812597,0.0304151741387,0.028175028218550335,0.4124480953988382,0.468947793446,0.4119174076977378
15,18,0.02739063070417675,0.0290931000526,0.027376632983971638,0.4416296396675566,0.497047528066,0.44043023365872525
15,19,0.024726554095080327,0.0261288715917,0.024772410516755772,0.3716542897395757,0.434150362075,0.36999752516408413
15,20,0.026887452994780407,0.0286046268408,0.026884500456282323,0.4266176749123684,0.47555708373,0.4256111379430287
15,21,0.008481384944143789,0.00973306683782,0.00847568170006785,0.2864090962758937,0.329459337629,0.28660982381666994
15,22,0.01082898543606409,0.0122240976018,0.010828817764311549,0.2789299576439845,0.357004458425,0.2775562110386694
15,23,0.013518239045540515,0.0152244368337,0.013531096722385894,0.35080506624352764,0.416570919382,0.34844359202644176
15,24,0.009063409259831828,0.0103907178211,0.00919681387883553,0.27790050259707744,0.396733730113,0.2724570928420492
15,25,0.027541986824171447,0.0290726368087,0.027578164404300165,0.4276232579157642,0.485942315479,0.42716478951195197
15,26,0.009232272638949384,0.0106577829845,0.009227103007191317,0.2733505479959022,0.327499548126,0.27256037429687524
15,27,0.02829628275111434,0.029876875611,0.02828110679163387,0.42119287607205746,0.453111050486,0.42180448474169613
15,28,0.01416109321990259,0.0159462011266,0.01419713470982159,0.26986082792310073,0.349846347432,0.267071736036429
15,29,0.02859820569381927,0.0303269991689,0.028618814088565037,0.4093514080686665,0.46039126645,0.40794209501246054
15,30,0.016545240990000112,0.017895980135,0.016550412053512487,0.3593189788863347,0.398686563594,0.35845262146996065
15,31,0.02602836987522934,0.0273188593162,0.026032963150408095,0.37428346542731566,0.450951883322,0.3730688119276853
15,32,0.009578008635479737,0.0110130864146,0.009572308402020058,0.2821835719523205,0.346470196402,0.2804471124016194
15,33,0.02529360652542045,0.0269391447213,0.025277796306317324,0.39643584990856867,0.447713472597,0.3961754875195764
15,34,0.00899477724510083,0.0106676511146,0.008997809030184212,0.2895208654142106,0.392988399817,0.28645321794647627
15,35,0.014649524197298315,0.0159722288964,0.014644092925800656,0.3283120923823846,0.386833199334,0.3294476156424417
15,36,0.008902503514515419,0.0101504142306,0.00890147743590497,0.2235933045405797,0.285158895233,0.22181962112349096
15,37,0.024948591887217583,0.0264110486578,0.024968297049559884,0.3578785285331086,0.412810496132,0.3573351495212906
15,38,0.025776960025421534,0.0271364873943,0.025804035370602274,0.39436037449925004,0.451437462671,0.39326613530925986
16,17,0.02597159972627326,0.0274854767078,0.025979067240148535,0.44108986650607307,0.488549671826,0.44169754938435857
16,18,0.025527043649511433,0.0269337430702,0.02552825351866722,0.4759267055504122,0.516158186446,0.4749892150988692
16,19,0.025816291734172218,0.0271901897705,0.02583064692770881,0.32921082680710756,0.386353809417,0.3280190136814801
16,20,0.025651677410670808,0.0269465879059,0.025757381621825115,0.4384750530330581,0.48877328392,0.4375284459195893
16,21,0.01979398367470471,0.0205851004734,0.019858125050376152,0.3299715169723798,0.365596672716,0.32944499812294614
16,22,0.017427721099575508,0.0185337001716,0.01743604311206398,0.32795916931281727,0.39136332462,0.325747073680266
16,23,0.017705844778818505,0.0191066529874,0.017722776424677344,0.36479448693443556,0.417608602558,0.36186372708735104
16,24,0.019636811393070917,0.0209974480444,0.019747432409615517,0.32932201464516037,0.409580607042,0.32543192946376504
16,25,0.02584774085676463,0.0272151264373,0.02585971395528075,0.4528671026160336,0.488775892273,0.4522110344975482
16,26,0.018713635686004506,0.0196959826303,0.0187556004930437,0.3192057432812791,0.360805213084,0.31793970409120265
16,27,0.025487433789179795,0.0269832151942,0.02551418378092879,0.4231142381417976,0.464133226227,0.4221310684618422
16,28,0.018471242961907424,0.0195306527532,0.018482411958474165,0.36946370957606456,0.415904424063,0.36735986833235934
16,29,0.026454872902928667,0.0279554009384,0.02645541219366182,0.4373362905458693,0.473626406885,0.4371044582789751
16,30,0.020052115308580077,0.0211978490431,0.020062601604793784,0.36856761322874365,0.402886577314,0.3676919877223955
16,31,0.02471124146627232,0.0261528680265,0.024700007351038222,0.3774500116220906,0.432803164431,0.3763852127631308
16,32,0.01916561071551463,0.0204586229086,0.019168155131898568,0.34259699000703636,0.389690093107,0.3418285793629504
16,33,0.024268312696316522,0.0255976757733,0.024285293674002617,0.4034728076724937,0.446185983839,0.4027948185622862
16,34,0.01871446410513418,0.0197253572369,0.018786315289851307,0.3198176199307254,0.408946201971,0.31762375779015484
16,35,0.017772768927058855,0.0190800974571,0.017760272990817227,0.36512469289944044,0.396181664092,0.36897180101003085
16,36,0.01996045343333847,0.0213469518326,0.019925798585746002,0.3439968726487489,0.380122614942,0.3426284766704014
16,37,0.02574210385817906,0.0270635000481,0.02579007218351248,0.3301750725796283,0.36759241091,0.32945428669203286
16,38,0.025364093966082676,0.0266683215593,0.025411590620433466,0.3887948634030431,0.425613917858,0.38721611513310067
17,18,0.010412536578138199,0.0117546538381,0.010425106730421296,0.31039869401599063,0.399773111452,0.30739558783996773
17,19,0.02566376135331381,0.0274219280114,0.025611527491680164,0.3845131023839813,0.465615775262,0.3851594024096285
17,20,0.011970271432690055,0.0134843724395,0.011933194422591109,0.2854995996456675,0.364253469162,0.28384754542501156
17,21,0.028420571142469455,0.029231778872,0.02843823980182314,0.3827722403560698,0.424957059034,0.3828755922237401
17,22,0.027722810937887983,0.0293455024811,0.027729749205297083,0.41950621697788326,0.496192480383,0.41907810134625145
17,23,0.02694501871799626,0.0284768994775,0.02698940531150118,0.3972803516939379,0.462890856975,0.3963722564720457
17,24,0.028005921834947663,0.0299180645878,0.02800463571593992,0.3824187149485181,0.480055588866,0.38017774635086293
17,25,0.009393162016158226,0.0111615952887,0.009398113999126656,0.2721700117069669,0.369583731214,0.27176188764637826
17,26,0.02741323822408482,0.02930784938,0.02741414838515288,0.40066934560080236,0.464186756118,0.40153048619844756
17,27,0.010850468683369276,0.0120015054715,0.010869152009243765,0.30812175533731856,0.391781926319,0.3086173529918218
17,28,0.025958294341306015,0.0278723330785,0.02607978755657331,0.43139474205097844,0.488880008302,0.4294207672522969
17,29,0.009905324301295928,0.011757565792,0.009862563831914917,0.24608590936944835,0.341522954702,0.2457909862247178
17,30,0.026789744146212994,0.0286450824336,0.026779748645146095,0.43478422305798897,0.485062225251,0.4360444718267255
17,31,0.022359508606377112,0.0241996787403,0.022393121048795817,0.35103554611811677,0.431151326165,0.3497177834727079
17,32,0.027958533285612416,0.0299894713747,0.02794195334556321,0.38821893604993596,0.448257261443,0.3881510524760234
17,33,0.020421742021047615,0.0218347485378,0.0204199507528956,0.38556800200619035,0.442434168959,0.3843829592164675
17,34,0.027615874249063546,0.0293340315919,0.0277072211372425,0.40083127534456847,0.491739236781,0.3986805053639987
17,35,0.025739976238910847,0.0276187593319,0.025901050158505412,0.40005290389299747,0.468814947435,0.3994080332070342
17,36,0.02813465189736163,0.029658928483,0.02813534858810285,0.3997591934998439,0.451598505154,0.3992558292328637
17,37,0.025717909950954927,0.027790614096,0.02572347817250742,0.36650655834034207,0.427408843923,0.36565143188307836
17,38,0.021195832907816774,0.0224736943345,0.021205363350559836,0.36801248730982067,0.446524006917,0.3664396495330157
18,19,0.02516834984803691,0.0273573664274,0.025193876000591753,0.4304839793909017,0.491232881422,0.4285449580976117
18,20,0.0120439871818075,0.0138653230729,0.012030152909322411,0.342851016324403,0.408901502792,0.34096470467427853
18,21,0.02742905027734111,0.0287397900225,0.02744421923343876,0.4445273059458754,0.484014823344,0.44394396912539263
18,22,0.027508468278654066,0.0289104125125,0.027524715294909297,0.4414103891595516,0.494879610816,0.4397013374061345
18,23,0.02682193351136928,0.0281327070872,0.02684617958328328,0.43599584319778945,0.492835025012,0.43432086171872264
18,24,0.027339648326012635,0.029177028025,0.027354726671264262,0.411427197428358,0.507487590357,0.4072418995124446
18,25,0.009806828990941624,0.011608052477,0.009794159289541637,0.3006145863893131,0.37626154602,0.298536836715075
18,26,0.02746008087600169,0.0287518507,0.027454162760345846,0.4275451722003139,0.482371315446,0.4263347099504211
18,27,0.010359908953861931,0.0113040854442,0.010347448247355118,0.35094790066682136,0.403460729757,0.3524375499481749
18,28,0.02760632771192965,0.0294587306996,0.027621255418377344,0.4367072576556707,0.495009080648,0.4344022894064645
18,29,0.009413721821794032,0.0105933902449,0.009404164051933839,0.29212399783387777,0.368210901695,0.2898755491486668
18,30,0.02835943416997049,0.0297828803297,0.028345537587676328,0.4331518276528988,0.471866925482,0.4322294781482421
18,31,0.021953986662790744,0.0234519884003,0.021941095556060053,0.4077201855015017,0.491486904115,0.4059109248305114
18,32,0.02791916037706575,0.0293593375643,0.02794283981503376,0.4038524651812095,0.44982623414,0.4032834826271673
18,33,0.020956860256050824,0.0222743452084,0.020996041771166873,0.41834102578400334,0.467841922361,0.41723274550225964
18,34,0.026641027869217206,0.0276230830308,0.026712176414514843,0.4476238077355713,0.512691533957,0.44487871137196455
18,35,0.026540495838079575,0.0279045181245,0.02652253807135413,0.42112893456203576,0.468847671337,0.4210704022443641
18,36,0.028506775872841453,0.0299762195989,0.028496919756086203,0.426056472549157,0.469866345693,0.42502040988350576
18,37,0.02584872333692823,0.0276228975567,0.02581896805561623,0.42200122033752246,0.472102828154,0.4235044390850596
18,38,0.021582349198423667,0.0232413773769,0.021592176243184324,0.4184046441085597,0.474358249372,0.4163726511353703
19,20,0.025319415734218427,0.0273952961511,0.02534560396098795,0.39215398137893476,0.451589220973,0.3902115694987606
19,21,0.02512229059541841,0.0265462772333,0.025074300476269795,0.35592084435959964,0.390313297713,0.3548340974141122
19,22,0.02497040229941995,0.0265489462588,0.02501438809119605,0.36836674383065804,0.439862337804,0.3664291590172541
19,23,0.024149736029064887,0.0260650562322,0.024123250576942645,0.3662987535795958,0.433953360332,0.36398396936169597
19,24,0.02562941584646305,0.0270382676043,0.025791439670704186,0.32752116533381226,0.422312323844,0.3234532016624518
19,25,0.026382085491418388,0.0282489187582,0.026422952561768742,0.40210382030508024,0.467913501196,0.40079589352958017
19,26,0.025101432114225258,0.0265503445924,0.025115413473450976,0.34839544789140325,0.412477853423,0.34731595433234347
19,27,0.026822074823135426,0.0282244410864,0.026866260519112894,0.4063578805018676,0.461824540132,0.40563125112314574
19,28,0.025097472706747483,0.0266459390813,0.025139322541377407,0.3687548047021748,0.428094277831,0.36725014307744036
19,29,0.02580895838782745,0.0276650167934,0.02582659978882912,0.38223159481846214,0.448917961186,0.3807879575032818
19,30,0.025938009618904943,0.0269541624656,0.02598303632631105,0.373662559319316,0.428638980141,0.3711593866173894
19,31,0.020253768551463498,0.0217314959093,0.020259233650540387,0.33798030352563957,0.406821060952,0.33581805159011224
19,32,0.02484720972728651,0.0261738436218,0.024904548034221152,0.32905939699328046,0.390778840806,0.32871920291671874
19,33,0.01888272975636096,0.0205087317221,0.018919173308786397,0.36139279302188243,0.414865645847,0.3606417553665119
19,34,0.024174496412285643,0.0255807746624,0.024207404593746484,0.3589054294492012,0.440299747465,0.3557063139764919
19,35,0.023406998258188344,0.0245748460542,0.023505334415743484,0.35215921366973274,0.408300716816,0.3523271722350009
19,36,0.025644920261205417,0.0270113468634,0.02566207249955016,0.3527158181361615,0.403910001805,0.3513834671750946
19,37,0.014200287715611028,0.0161061315419,0.014138964089378092,0.30133473672872013,0.361618424144,0.3004493787908994
19,38,0.020217512940296146,0.0217053068788,0.020247121043496574,0.34138039863247477,0.417110078968,0.33879426445099253
20,21,0.028108109625510587,0.0287992235971,0.028138511433347113,0.3960421200111755,0.448289949552,0.3943418995776321
20,22,0.027581356763510728,0.0289884374285,0.02759052543881324,0.4156156777059276,0.483492090877,0.413926909827635
20,23,0.026778788540621355,0.0282825200087,0.02681010784462623,0.39857199709338953,0.476290150105,0.39625397465399814
20,24,0.026708799512393883,0.0279070095994,0.026747334902273545,0.3897684249606742,0.483929698472,0.3861030725214778
20,25,0.01130949541878177,0.0126537266591,0.011293923001140183,0.30976567928508425,0.396232109169,0.3100095185631421
20,26,0.02761558818875935,0.0291140373929,0.027598292059953566,0.39614797748319414,0.465940870288,0.39489079722522924
20,27,0.012126230859739403,0.0135682758171,0.012103651598088239,0.3256136363699647,0.387710429971,0.3264421333528662
20,28,0.02612070960523541,0.0280333790002,0.02608612854216863,0.42495625077039706,0.484688879223,0.423322443918022
20,29,0.012139176608142146,0.0135162733516,0.012142202011596714,0.2756639805943611,0.343350304673,0.27444182616429325
20,30,0.026265209743027474,0.0276426070148,0.026276600308305476,0.4388517722217272,0.482624421527,0.43903050989822834
20,31,0.021627951805791478,0.0228818610542,0.021632298908146996,0.3788057940454861,0.452557289753,0.37735593647636967
20,32,0.027768785469465734,0.0287370652494,0.027776343283531846,0.3852049188725938,0.451354603868,0.3834054991473015
20,33,0.020762849971791047,0.0229046523591,0.020762147902675943,0.39368042087219296,0.442790319512,0.3924119983128106
20,34,0.026729836771138115,0.0279560034925,0.026764003078461107,0.4092483722715279,0.492916940037,0.406421720902031
20,35,0.02520866430299209,0.0271941056153,0.02511796924964438,0.4058516794351583,0.46831769895,0.4058519530308186
20,36,0.02766401306918238,0.0290785165584,0.027644848009336698,0.4053027791515321,0.452305936284,0.40325920401914866
20,37,0.025010874942590064,0.0265711259623,0.02507262593987719,0.3850098801913353,0.444202149982,0.38516358020430563
20,38,0.02080329270311649,0.0224645738715,0.020809938719493326,0.3871172733047246,0.451339489139,0.3846129597937067
21,22,0.010729021333387526,0.0116598257924,0.010761966515335952,0.26837548424562996,0.329561845206,0.26554472786524524
21,23,0.013150730621606214,0.0139847392442,0.013146297571920984,0.32467040763745436,0.373176922871,0.322455700901398
21,24,0.008682551493550857,0.00965719184808,0.008709486535679378,0.2698722079968614,0.339518513077,0.26677537962110864
21,25,0.02749332370646629,0.0287918409116,0.02749420253569068,0.4006165830701145,0.446035888021,0.400599655606412
21,26,0.00851486975238238,0.00930098416738,0.008524005539552792,0.25488809012741537,0.302896517499,0.2551735262567061
21,27,0.028187193209619047,0.0291048515603,0.028203098403059956,0.40329508850246415,0.427995181764,0.4020869961347123
21,28,0.015520855997276754,0.0163648240329,0.015522699521413663,0.3185612537339091,0.357864917455,0.3161957650286443
21,29,0.028501417071373856,0.0296329131261,0.028531633836067716,0.40190667025786136,0.434625029587,0.40170082933934176
21,30,0.016176859053341534,0.016924937106,0.01616079859682057,0.3456847199856164,0.371078014206,0.3457679991404445
21,31,0.02584008328149706,0.026759180549,0.025839898577399656,0.36720614151967795,0.43767337314,0.36523056036827023
21,32,0.00884534804491108,0.00974396712596,0.008792712721852114,0.2629137009196707,0.31357271786,0.26250219687943843
21,33,0.02466204171750521,0.0255643185516,0.02466884207174369,0.3975823940163288,0.425097501499,0.3966601494167219
21,34,0.008007549809993146,0.00904949290985,0.007965411333976546,0.2578220019977039,0.323706221862,0.25636727931079467
21,35,0.014057570021436074,0.0148903402005,0.01404734222305215,0.3232660579379949,0.363252934069,0.3242463587606811
21,36,0.0077176837848312325,0.00859687057978,0.007742531924699425,0.30821160759632055,0.338836487749,0.3099486204127684
21,37,0.02506568406443022,0.0261368453151,0.025044573801093928,0.3348795785312899,0.360577020937,0.33475971003034677
21,38,0.02560784351931628,0.0267794450526,0.025651968356569077,0.383863713844145,0.424604738717,0.3814736181260022
22,23,0.013948506023269101,0.0152354697865,0.01396806380014115,0.3221658338421726,0.387799120684,0.31963583739341783
22,24,0.01060494096180815,0.0119254629165,0.010712699654724434,0.2639655896515869,0.383613252027,0.25804409019283336
22,25,0.028332600679957996,0.0294877317751,0.02836459917612294,0.4186795949873531,0.483935862777,0.41712870358499743
22,26,0.010233065220714875,0.0113861327344,0.010232982852447559,0.23746564114861318,0.311900446798,0.23526603077337171
22,27,0.027670291767765975,0.0293860352085,0.027652745566871917,0.39766744833647805,0.450830090873,0.39755126568676724
22,28,0.01583259972863933,0.0171605598243,0.015848925523890944,0.3022238723246556,0.380464502204,0.29907153577001033
22,29,0.028299623705007312,0.0296836630553,0.02829790893458417,0.41259808527560204,0.465862346189,0.41195468823141945
22,30,0.015887967330442603,0.0173525897692,0.015891460954825354,0.33744035818505386,0.380429747364,0.33611943619749174
22,31,0.026311480728241268,0.0277207144705,0.026279399676457205,0.3622056939944247,0.437595983178,0.36055124870344313
22,32,0.010415259373040723,0.0117824367631,0.010372715666089993,0.2782452659952595,0.360861450706,0.2772001853887004
22,33,0.02547050631060692,0.0267912013626,0.025487726204971417,0.3903022422274776,0.456333690017,0.3885581849498356
22,34,0.010101033406876724,0.0113077531911,0.010119906610413065,0.24895427188284563,0.366858716765,0.2459491974124819
22,35,0.015010093397196519,0.0163123787741,0.014997899175543894,0.3209546193988826,0.386611133973,0.3213138174147058
22,36,0.010117314039952256,0.0113056012029,0.01008276070113645,0.29456843515256853,0.350177943411,0.29190293106209453
22,37,0.024590475945565304,0.0260826436056,0.024621525439237235,0.35966197651970505,0.428096772777,0.3585462250732654
22,38,0.026324030133645978,0.0278537871673,0.026340908628071036,0.38187472209633905,0.444387080275,0.37829125459023294
23,24,0.012843580827530225,0.0145450504767,0.012920718368586215,0.31346692097865286,0.411564427432,0.3096811355177541
23,25,0.027310103888276184,0.0292259463363,0.02730429749675395,0.419619866765255,0.484615846215,0.4185085836935857
23,26,0.013442513915557685,0.0149265797248,0.013447572160258936,0.31307185187777115,0.370885221632,0.31203015815577695
23,27,0.028639185469298424,0.0299948676258,0.028649463314856738,0.3982942725423397,0.452034902188,0.39741864730123766
23,28,0.008882650484109578,0.0103718876132,0.008875707275942335,0.3081654802550947,0.379236194039,0.3061355155034522
23,29,0.028157881877845105,0.0304419814381,0.028128289112890392,0.39285329214952425,0.448613529885,0.39184994948962615
23,30,0.016516177526518943,0.0178082238924,0.016536692300148537,0.328247365527621,0.401839154258,0.3277301278838988
23,31,0.024603671100683695,0.0261786051994,0.02458425304181322,0.37187071247803594,0.455180395464,0.36898513925411647
23,32,0.013610952299959964,0.0147835553792,0.01358810942336619,0.3142464013084285,0.380166510518,0.3123175925754007
23,33,0.023925166060846836,0.0256584708737,0.023909619371298096,0.3987106733600994,0.454896002982,0.3980812034323449
23,34,0.01251655560539683,0.0139601569526,0.012512419896400118,0.3281811215745914,0.414222984306,0.3252601686584667
23,35,0.00840378096486541,0.00988759480542,0.008402783980279938,0.29017182648302237,0.365005942211,0.2882729996265331
23,36,0.014235617900722853,0.0159600349341,0.014239245010326751,0.3355631447217462,0.395132072474,0.3337344740205917
23,37,0.025059399999705065,0.0265109603143,0.025057688593914107,0.33533337415318787,0.393528084405,0.33467641702905454
23,38,0.02477406660366734,0.0262856290977,0.024806050603462804,0.3810059655365193,0.459242141789,0.378442716741128
24,25,0.02810116353235663,0.0293172762951,0.02816225946865114,0.4003764866082509,0.481667436588,0.39664418936600565
24,26,0.008299092691484105,0.00976771085166,0.008354458940973641,0.24061050563585873,0.338970334453,0.23744636590522183
24,27,0.028586243216900405,0.0297311717115,0.028716235563778558,0.3989679751515771,0.474960493528,0.39654998825202215
24,28,0.014661025847451955,0.0161273606899,0.014785170277703874,0.3155741831860759,0.423640155042,0.30962342154677225
24,29,0.028136880818777382,0.0296336418889,0.02820325286439984,0.3840431514937417,0.483011392164,0.3801383477454007
24,30,0.017174095001279793,0.0186753300293,0.01722903663069897,0.3116332979931823,0.390989156612,0.3098170611529683
24,31,0.025863841740135868,0.0277682458353,0.025933006306036788,0.34763690005608355,0.457514938401,0.34321035583280834
24,32,0.008260202795670657,0.00938436453293,0.008291016916242788,0.2157322239618235,0.331731235974,0.21081631437407555
24,33,0.02588199295145825,0.0274584137517,0.025974488518894945,0.36118166556612186,0.471785728128,0.3563134003171694
24,34,0.008869456577512699,0.0101453764933,0.008954404540937766,0.23539012395532555,0.361012552702,0.22808120169895035
24,35,0.012933252168460403,0.013979679134,0.012980703231099677,0.27640363817566,0.393716735679,0.27247887458916487
24,36,0.009066185395914304,0.0100294229956,0.00921478078526522,0.2660671868349793,0.372664344717,0.2605773029022194
24,37,0.02520305627113557,0.0268710013053,0.025350370552520707,0.3173647834772695,0.411449502545,0.31388028105597066
24,38,0.02588458673128582,0.0273479784501,0.025961034812519546,0.35147498395003113,0.466570271409,0.34553664663095995
25,26,0.02804957089720361,0.0304771018092,0.02796734003068263,0.40693699999091104,0.456661850493,0.4060066885346846
25,27,0.010575666476815753,0.0117466903313,0.010549283224424277,0.29320378715290146,0.35365274919,0.2956109601967648
25,28,0.027001226251782622,0.0291457569802,0.026985761236852257,0.4395300716585615,0.489510417916,0.4382083292883576
25,29,0.009597140460717543,0.0107531633427,0.009625298030084661,0.24455869613644424,0.321218704738,0.2441970370347365
25,30,0.02789027321233082,0.0292756297892,0.027884526209301486,0.4347357675159492,0.48125990698,0.43412156528481505
25,31,0.02182115438731018,0.0232256812904,0.021848729544912182,0.38759763448439194,0.46816695645,0.3851256921115099
25,32,0.02853562590264382,0.0300082887419,0.028562696920026387,0.40362764203151763,0.464196225033,0.40285008252869464
25,33,0.021068013266450157,0.0223578273007,0.02110081804273617,0.40338459338791843,0.461400830659,0.40166534398177
25,34,0.02734413960080707,0.0285465362874,0.027364773545860366,0.41820180552304465,0.492638919296,0.41516153254621396
25,35,0.026592360940131385,0.0280235186271,0.02659862167588639,0.4214796614682293,0.479384620431,0.4208638416548937
25,36,0.028093678585954858,0.0296689419179,0.028110898956650088,0.4187023079366152,0.455192575175,0.4185001543926304
25,37,0.025866211579662846,0.0278814146785,0.025894578297026905,0.40723208157970975,0.460393770717,0.40618967397462946
25,38,0.021073867536043317,0.0227182723152,0.021075968742922724,0.4043948919048486,0.457792211898,0.40321144694699773
26,27,0.027782471931358067,0.0294110737074,0.02780934663549406,0.3761079495816047,0.412517626821,0.3753503916244373
26,28,0.016170898515236738,0.0177125186745,0.016162210661096355,0.29376440888766814,0.35791136522,0.29162753933340213
26,29,0.028480979455985666,0.0306663392609,0.02848202232891489,0.38786071022716967,0.437427329514,0.3870192223717324
26,30,0.016729665200846726,0.017776487118,0.016717977256730798,0.31285438732818316,0.359342124745,0.31214824175401645
26,31,0.02500245529437917,0.0266143834351,0.025003932417985375,0.3676952632040655,0.430276509816,0.3672279892808963
26,32,0.0078060048617886665,0.00888356046897,0.00782403361659334,0.2576160756585569,0.339693285956,0.25681570036985657
26,33,0.024530768245798765,0.0262819224049,0.02454157010316238,0.3880086611106689,0.426914359251,0.3882191400091498
26,34,0.008243334624664074,0.00972895086551,0.008195471863323978,0.21911177713428914,0.318873211713,0.21746145045065501
26,35,0.015293680271608014,0.0165236573027,0.01524212106320133,0.29428833513399977,0.351977333284,0.29473254756985484
26,36,0.007990123082387768,0.00914699263694,0.008009560657162629,0.2727420952994148,0.32064380784,0.27174097364045546
26,37,0.02512608348617148,0.0268400041555,0.02513467015816878,0.329529083215631,0.37789422081,0.3302188909851561
26,38,0.02547835801388135,0.027131059776,0.025480620388316333,0.37190428628270794,0.424512762604,0.37052236715700393
27,28,0.02774200365689264,0.029461191225,0.027708768488325486,0.4285330930988885,0.46633785102,0.4273346562479333
27,29,0.011094410447494525,0.0122676688308,0.01107921040372456,0.29992689874223954,0.348853919495,0.3005773624294141
27,30,0.02751323793146749,0.029177787995,0.027483422763284304,0.4246773045550114,0.462983549052,0.42515201774305356
27,31,0.02257775774887756,0.0240218140618,0.022549039873184795,0.39181951079645777,0.450523818914,0.3915594782571138
27,32,0.028704769425755366,0.0300298191854,0.02871277741395406,0.39833138702120846,0.441090239354,0.39811923210910083
27,33,0.020491179090261435,0.0215026457826,0.02053298734221254,0.42215218865000204,0.46057035387,0.42289821790342796
27,34,0.02749696456113502,0.02890749528,0.02753411507673892,0.39174319326217455,0.458489409082,0.3904495145324164
27,35,0.026744619464864262,0.0275130296685,0.026764291198735357,0.4226866936768073,0.461139603006,0.42299199340978816
27,36,0.028437967909113012,0.0299451554586,0.028412519883281084,0.41120339117344634,0.441632162224,0.4110162484105104
27,37,0.026823499594389504,0.0280988225895,0.0268266685997266,0.3952904993862056,0.436026716497,0.39531311348534837
27,38,0.020982644263020343,0.0221675021099,0.020977838355131395,0.416999544165177,0.459366379692,0.41629224575887364
28,29,0.028130178764367672,0.0298844852001,0.0281444007070647,0.40630561452994873,0.45272560465,0.4052215368281353
28,30,0.016791967202601787,0.0181448091379,0.016784415251714258,0.3702436993426471,0.414597215101,0.3697493823360646
28,31,0.025562538099552598,0.0271900235515,0.025596738764773974,0.3771859966767802,0.455034583885,0.3744852805307435
28,32,0.015482491158314567,0.0166930186601,0.015493645930580224,0.30840518729223976,0.377774087763,0.3056906098445068
28,33,0.023985932663479623,0.025230168367,0.023988666631654,0.41493179367096683,0.464139026527,0.41338220994077857
28,34,0.014417530614333655,0.0155049049063,0.014427291017732657,0.32253289640322513,0.408967087004,0.31895519457649363
28,35,0.0028896267456406453,0.00396226475333,0.0028812290590992107,0.2635238551089164,0.327832902353,0.2666745048868197
28,36,0.01421767678566332,0.0161806856189,0.014211925076167475,0.2283591386747611,0.290804444643,0.22696351478541327
28,37,0.025098350606176805,0.0265437203789,0.025105655213060907,0.3466968719492352,0.403329710821,0.34604133054429115
28,38,0.024791199141367425,0.0261832100378,0.02481537398449707,0.40279501486321695,0.470500449955,0.3997906284536593
29,30,0.027380818796067373,0.0293774343455,0.02738266209976037,0.4340786613530355,0.478573009416,0.43386409376099183
29,31,0.02198472477441323,0.0234164796405,0.021997027841445582,0.3502136042116442,0.418657496444,0.348834048444054
29,32,0.028408040342752013,0.0301297602841,0.02842596482283727,0.38453857299190247,0.449874293231,0.38327978747218294
29,33,0.020032349306497704,0.0215230255656,0.020037920694626954,0.3912787484782535,0.452852659111,0.3902664888828698
29,34,0.0276532688391483,0.0292850145816,0.027700164348959222,0.4058449419432082,0.48818401605,0.402773124702225
29,35,0.027373652833361548,0.0290783738103,0.027387085383438592,0.39183557423712345,0.44567183487,0.391813761452264
29,36,0.028380453816430708,0.0298443587902,0.028379992589551983,0.39859329256818193,0.44563765669,0.39832898462566274
29,37,0.0253576153727683,0.0272809111465,0.02537732756870925,0.3810474637734988,0.439535866919,0.38141756297793916
29,38,0.020523454705712495,0.022268226086,0.0205380362409594,0.36805947844055015,0.452226223745,0.3653828537772916
30,31,0.025144204573221095,0.0262489136352,0.025142091305546344,0.4045842372327875,0.465603276477,0.40403758595611466
30,32,0.017240448075164297,0.0185649074473,0.017245491952241565,0.3233424376649142,0.388293761268,0.32258307516084855
30,33,0.02556883926812989,0.0264989685188,0.025588435381172836,0.40906092754816936,0.446646742436,0.40933437956198304
30,34,0.016819201457410702,0.018214396463,0.016782478322048378,0.3173728784953061,0.38968675809,0.31666884549169483
30,35,0.017040793998816705,0.0181175037559,0.017057085269372885,0.3438718639156694,0.414867716353,0.3429563160682277
30,36,0.016666236009493664,0.0178880891766,0.016700378074844535,0.34313993861824565,0.394901025921,0.34228895946416327
30,37,0.024579846899792222,0.0254409585466,0.024605316691508228,0.3991773150158231,0.428254061227,0.3993845455745013
30,38,0.02535018040014011,0.0268089438496,0.025338293785958366,0.4146884384016801,0.451700373824,0.41422274628576233
31,32,0.026154877171244605,0.0274575480958,0.026172926517769368,0.35167822438750784,0.419238285132,0.34940104257195126
31,33,0.012165157543034983,0.0133352831849,0.012150957566603893,0.2920259376218846,0.378918489249,0.28938873557955114
31,34,0.024741060336420324,0.0263046653424,0.024755418558155662,0.3752573444006393,0.463577383975,0.37137642895662193
31,35,0.02466089526369235,0.0261961266759,0.024666402361516293,0.36290679298588463,0.450047212713,0.3628256484563266
31,36,0.025804299859521873,0.0269990132583,0.025807714848250563,0.37447862201962123,0.446432737591,0.37325307608448216
31,37,0.021391199764584305,0.0225674772333,0.021408203654571634,0.31003559662901886,0.395771453234,0.31085857015947527
31,38,0.011994408147554429,0.013450906278,0.01198058772530608,0.28516403179964334,0.393880811746,0.2808451847092991
32,33,0.024751002840530452,0.0265092795376,0.024714414399641282,0.38057386380793135,0.427156847357,0.3802228019765135
32,34,0.008738071044871598,0.00999421254108,0.008745653420895838,0.24093653285160915,0.339311474775,0.23714554029607132
32,35,0.013826080203966874,0.0150405408209,0.013855563085857392,0.266345872296675,0.340394483966,0.2655153474872301
32,36,0.00878924918639079,0.00996546519901,0.00879667679690671,0.270771235912066,0.326109712658,0.2687837253833876
32,37,0.024517228606545073,0.0258117136767,0.024585374156777806,0.32275160869025765,0.37999731375,0.32117322123651504
32,38,0.025513119307854534,0.0279575601004,0.025481134448292975,0.3652013514909658,0.418506580193,0.3637135675176144
33,34,0.02423815425103821,0.025813531147,0.02429976499648806,0.39379860910969633,0.477372533911,0.39119355799168565
33,35,0.02351052570157482,0.0246827283113,0.023529712700692318,0.38207538152228243,0.430802319438,0.3823362099892939
33,36,0.02507205444878444,0.026388896261,0.025078716840278015,0.40404041311463634,0.440022171285,0.4029978105457968
33,37,0.020034150029778385,0.0214336433501,0.02002422527174097,0.34037352096217405,0.37572175192,0.34115287922509613
33,38,0.002207788100975185,0.00394125054441,0.0021718862068250133,0.16721209104272397,0.242840267676,0.1635550802228728
34,35,0.013968025510623348,0.0149413914431,0.013988824812523781,0.3140602962161701,0.405457424192,0.31275741212171065
34,36,0.008378951449351387,0.00976837465425,0.008379156755171702,0.27708134857590483,0.363586602925,0.2743080748225355
34,37,0.024624949220623773,0.0261777151863,0.024673735990735524,0.3336460521283895,0.4119049427,0.3313593450433387
34,38,0.024854574529969253,0.0270052148776,0.02499980629502574,0.3854221853070312,0.470484581031,0.38295301998897263
35,36,0.014504188445064906,0.0156891931878,0.01449706455044758,0.32594616599466675,0.373223931334,0.32676962370431994
35,37,0.02389421344684218,0.025629539272,0.023966199247417053,0.32412344666968473,0.382677278938,0.3244547053769161
35,38,0.024310010629385526,0.0258739179558,0.02431629092754989,0.36839359489527246,0.431852335184,0.36712146985897937
36,37,0.02557618545937361,0.027177007989,0.025564871284978863,0.340446069027069,0.375324030778,0.3404125453590873
36,38,0.026053181513796795,0.0280237812586,0.02606594828397063,0.38395188083513165,0.431426854707,0.3826486588490705
37,38,0.021377981333560437,0.0226388600177,0.021388184095711582,0.31663258019464297,0.377282234105,0.31589090542440357
