cluster	variable	value	count
24	Pathotype	eaec	0.0363636363636
24	Pathotype	nd	0.963636363636
24	ST	678	0.872727272727
24	ST	678~	0.127272727273
24	Country	turkey	0.0181818181818
24	Country	united states	0.0545454545455
24	Country	africa	0.0363636363636
24	Country	france	0.127272727273
24	Country	united kingdom	0.581818181818
24	Country	germany	0.181818181818
24	Year	1996	0.0363636363636
24	Year	nd	0.0545454545455
24	Year	2018	0.145454545455
24	Year	2015	0.145454545455
24	Year	2014	0.0909090909091
24	Year	2017	0.0363636363636
24	Year	2016	0.145454545455
24	Year	2011	0.327272727273
24	Year	2013	0.0181818181818
24	MASH	30	1.0
24	Continent	Europe	0.890909090909
24	Continent	North America	0.0545454545455
24	Continent	Africa	0.0363636363636
24	Continent	Asia	0.0181818181818
24	Isolation	feces	0.145454545455
24	Isolation	nd	0.181818181818
24	Isolation	human	0.672727272727
25	Pathotype	expec	0.481481481481
25	Pathotype	nd	0.5
25	Pathotype	upec	0.0185185185185
25	ST	998~	0.0185185185185
25	ST	8290	0.037037037037
25	ST	998	0.203703703704
25	ST	141~	0.0185185185185
25	ST	141	0.722222222222
25	Country	united kingdom	0.62962962963
25	Country	denmark	0.0925925925926
25	Country	sweden	0.0185185185185
25	Country	nd	0.0925925925926
25	Country	united states	0.166666666667
25	Year	2016	0.037037037037
25	Year	1995	0.0185185185185
25	Year	1996	0.0185185185185
25	Year	2008	0.037037037037
25	Year	nd	0.111111111111
25	Year	2018	0.037037037037
25	Year	2002	0.0555555555556
25	Year	2003	0.037037037037
25	Year	1985	0.0185185185185
25	Year	2006	0.0185185185185
25	Year	2007	0.037037037037
25	Year	2004	0.0555555555556
25	Year	2015	0.0925925925926
25	Year	2017	0.0740740740741
25	Year	2009	0.0740740740741
25	Year	2011	0.0740740740741
25	Year	2010	0.166666666667
25	Year	2012	0.037037037037
25	MASH	31	1.0
25	Continent	Europe	0.740740740741
25	Continent	North America	0.166666666667
25	Continent	nd	0.0925925925926
25	Isolation	nd	0.0185185185185
25	Isolation	urine	0.0555555555556
25	Isolation	blood	0.5
25	Isolation	human	0.407407407407
25	Isolation	cervidae, cervidae, muntjac-rectum	0.0185185185185
26	Pathotype	nd	0.43137254902
26	Pathotype	epec	0.56862745098
26	ST	5485	0.0196078431373
26	ST	5241	0.0980392156863
26	ST	517~	0.0588235294118
26	ST	517	0.823529411765
26	Country	pakistan	0.0392156862745
26	Country	saudi arabia	0.0196078431373
26	Country	denmark	0.0392156862745
26	Country	gambia	0.0588235294118
26	Country	india	0.21568627451
26	Country	austria	0.0392156862745
26	Country	united kingdom	0.392156862745
26	Country	the gambia	0.0196078431373
26	Country	guinea-bissau	0.0196078431373
26	Country	mali	0.117647058824
26	Country	kenya	0.0392156862745
26	Year	1991	0.0196078431373
26	Year	2016	0.0980392156863
26	Year	1997	0.0196078431373
26	Year	nd	0.0980392156863
26	Year	2008-2012	0.0196078431373
26	Year	2018	0.0588235294118
26	Year	2017	0.0588235294118
26	Year	2015	0.156862745098
26	Year	2008	0.176470588235
26	Year	2009	0.274509803922
26	Year	2010	0.0196078431373
26	MASH	20	1.0
26	Continent	Europe	0.470588235294
26	Continent	Africa	0.254901960784
26	Continent	Asia	0.274509803922
26	Isolation	feces	0.607843137255
26	Isolation	nd	0.0196078431373
26	Isolation	human	0.372549019608
27	Pathotype	nd	0.938775510204
27	Pathotype	epec	0.0612244897959
27	ST	122	0.0816326530612
27	ST	583	0.877551020408
27	ST	7703	0.0408163265306
27	Country	united states	0.0204081632653
27	Country	united kingdom	0.918367346939
27	Country	italy	0.0408163265306
27	Country	kenya	0.0204081632653
27	Year	2009	0.0204081632653
27	Year	1965	0.0204081632653
27	Year	nd	0.102040816327
27	Year	2015	0.285714285714
27	Year	2017	0.204081632653
27	Year	2016	0.367346938776
27	MASH	35	1.0
27	Continent	North America	0.0204081632653
27	Continent	Europe	0.959183673469
27	Continent	Africa	0.0204081632653
27	Isolation	feces	0.0816326530612
27	Isolation	nd	0.0408163265306
27	Isolation	human	0.877551020408
20	Pathotype	expec	0.64
20	Pathotype	nd	0.36
20	ST	5494	0.0133333333333
20	ST	131~	0.0133333333333
20	ST	131	0.96
20	ST	5432	0.0133333333333
20	Country	canada	0.0133333333333
20	Country	united states	0.12
20	Country	denmark	0.0133333333333
20	Country	nd	0.0666666666667
20	Country	united kingdom	0.76
20	Country	germany	0.0133333333333
20	Country	new zealand	0.0133333333333
20	Year	2016	0.08
20	Year	nd	0.106666666667
20	Year	2018	0.0133333333333
20	Year	2003	0.0533333333333
20	Year	2000s	0.0133333333333
20	Year	2007	0.146666666667
20	Year	2017	0.0266666666667
20	Year	2015	0.0266666666667
20	Year	2014	0.0133333333333
20	Year	2008	0.0266666666667
20	Year	2009	0.0933333333333
20	Year	2011	0.08
20	Year	2010	0.186666666667
20	Year	2012	0.133333333333
20	MASH	2	1.0
20	Continent	Europe	0.786666666667
20	Continent	North America	0.133333333333
20	Continent	Oceania	0.0133333333333
20	Continent	nd	0.0666666666667
20	Isolation	nd	0.0133333333333
20	Isolation	feces	0.0133333333333
20	Isolation	urine	0.2
20	Isolation	blood	0.56
20	Isolation	human	0.213333333333
21	Pathotype	nd	1.0
21	ST	392	0.671428571429
21	ST	5738	0.328571428571
21	Country	united states	1.0
21	Year	2016	1.0
21	MASH	27	1.0
21	Continent	North America	1.0
21	Isolation	feces	1.0
22	Pathotype	nd	0.964912280702
22	Pathotype	epec	0.0350877192982
22	ST	6668	0.0350877192982
22	ST	343~	0.0175438596491
22	ST	5343	0.0350877192982
22	ST	300	0.59649122807
22	ST	4942	0.0701754385965
22	ST	343	0.19298245614
22	ST	300~	0.0526315789474
22	Country	united kingdom	0.771929824561
22	Country	united states	0.19298245614
22	Country	germany	0.0350877192982
22	Year	1982	0.0175438596491
22	Year	1999	0.0175438596491
22	Year	1998	0.0350877192982
22	Year	nd	0.175438596491
22	Year	2018	0.105263157895
22	Year	2015	0.245614035088
22	Year	2017	0.19298245614
22	Year	2016	0.175438596491
22	Year	2013	0.0350877192982
22	MASH	21	1.0
22	Continent	Europe	0.80701754386
22	Continent	North America	0.19298245614
22	Isolation	feces	0.122807017544
22	Isolation	nd	0.0526315789474
22	Isolation	human	0.824561403509
23	Pathotype	nd	1.0
23	ST	8300	0.0175438596491
23	ST	6~	0.0877192982456
23	ST	6	0.894736842105
23	Country	united kingdom	0.929824561404
23	Country	bulgaria	0.0175438596491
23	Country	nd	0.0350877192982
23	Country	south africa	0.0175438596491
23	Year	2009	0.0350877192982
23	Year	nd	0.157894736842
23	Year	1947	0.0175438596491
23	Year	2018	0.157894736842
23	Year	2015	0.140350877193
23	Year	2008	0.0350877192982
23	Year	2016	0.245614035088
23	Year	2017	0.105263157895
23	Year	2013	0.105263157895
23	MASH	18	1.0
23	Continent	Europe	0.947368421053
23	Continent	Africa	0.0175438596491
23	Continent	nd	0.0350877192982
23	Isolation	feces	0.0175438596491
23	Isolation	nd	0.105263157895
23	Isolation	human	0.877192982456
28	Pathotype	nd	1.0
28	ST	10	0.877551020408
28	ST	10~	0.122448979592
28	Country	united kingdom	0.959183673469
28	Country	united states	0.0408163265306
28	Year	2015	0.142857142857
28	Year	2017	0.244897959184
28	Year	2016	0.244897959184
28	Year	nd	0.204081632653
28	Year	2018	0.163265306122
28	MASH	4	1.0
28	Continent	Europe	0.959183673469
28	Continent	North America	0.0408163265306
28	Isolation	nd	0.163265306122
28	Isolation	human	0.836734693878
29	Pathotype	expec	0.478260869565
29	Pathotype	nd	0.521739130435
29	ST	144	0.95652173913
29	ST	5346	0.0217391304348
29	ST	703	0.0217391304348
29	Country	united kingdom	0.717391304348
29	Country	denmark	0.130434782609
29	Country	canada	0.0217391304348
29	Country	united states	0.108695652174
29	Country	brazil	0.0217391304348
29	Year	1990	0.0217391304348
29	Year	1993	0.0217391304348
29	Year	1985	0.0652173913043
29	Year	nd	0.0434782608696
29	Year	2009	0.0434782608696
29	Year	2003	0.108695652174
29	Year	2001	0.108695652174
29	Year	2006	0.0434782608696
29	Year	2007	0.0217391304348
29	Year	2004	0.0869565217391
29	Year	2005	0.0434782608696
29	Year	2015	0.130434782609
29	Year	2017	0.0217391304348
29	Year	2008	0.0869565217391
29	Year	2016	0.0869565217391
29	Year	2010	0.0434782608696
29	Year	2012	0.0217391304348
29	MASH	33	1.0
29	Continent	Europe	0.847826086957
29	Continent	North America	0.130434782609
29	Continent	South America	0.0217391304348
29	Isolation	feces	0.0434782608696
29	Isolation	urine	0.0652173913043
29	Isolation	blood	0.608695652174
29	Isolation	human	0.282608695652
1	Pathotype	o157ehec/epec	0.000820008200082
1	Pathotype	nd	0.99651496515
1	Pathotype	o157ehec	0.00266502665027
1	ST	2966	0.00389503895039
1	ST	8301	0.000205002050021
1	ST	5297	0.000205002050021
1	ST	1804~	0.000205002050021
1	ST	8408	0.000205002050021
1	ST	7653	0.0010250102501
1	ST	8295	0.000410004100041
1	ST	8328	0.000205002050021
1	ST	7028	0.000820008200082
1	ST	8341	0.000205002050021
1	ST	8345	0.000615006150062
1	ST	1833	0.00553505535055
1	ST	11~	0.0233702337023
1	ST	5560	0.000410004100041
1	ST	6667	0.0010250102501
1	ST	5315	0.000205002050021
1	ST	7007	0.000820008200082
1	ST	8210	0.000615006150062
1	ST	8345~	0.000205002050021
1	ST	8510	0.000205002050021
1	ST	5356	0.000205002050021
1	ST	8301~	0.000205002050021
1	ST	1595	0.000615006150062
1	ST	8310	0.000205002050021
1	ST	6939	0.000410004100041
1	ST	7005	0.000820008200082
1	ST	6956	0.00164001640016
1	ST	7006	0.000615006150062
1	ST	11	0.944239442394
1	ST	1804	0.0079950799508
1	ST	7252	0.000410004100041
1	ST	1825	0.00164001640016
1	ST	5368	0.000410004100041
1	ST	5243	0.000205002050021
1	Country	united states	0.0360803608036
1	Country	nd	0.000615006150062
1	Country	united kingdom	0.957359573596
1	Country	paraguay	0.000820008200082
1	Country	japan	0.00143501435014
1	Country	argentina	0.00369003690037
1	Year	1987	0.000410004100041
1	Year	1982	0.000615006150062
1	Year	nd	0.164206642066
1	Year	1988	0.000205002050021
1	Year	2018	0.039975399754
1	Year	2015	0.188396883969
1	Year	2014	0.0559655596556
1	Year	2017	0.174456744567
1	Year	2016	0.320828208282
1	Year	2011	0.00676506765068
1	Year	2010	0.00820008200082
1	Year	2013	0.00676506765068
1	Year	2012	0.00615006150062
1	Year	1993	0.00143501435014
1	Year	1997	0.000615006150062
1	Year	1999	0.000410004100041
1	Year	1998	0.000205002050021
1	Year	2002	0.000205002050021
1	Year	2003	0.000410004100041
1	Year	2006	0.00287002870029
1	Year	2007	0.00389503895039
1	Year	2005	0.00143501435014
1	Year	2008	0.00840508405084
1	Year	2009	0.00717507175072
1	MASH	1	0.99979499795
1	MASH	508	0.000205002050021
1	Continent	Europe	0.957359573596
1	Continent	North America	0.0360803608036
1	Continent	South America	0.00451004510045
1	Continent	nd	0.000615006150062
1	Continent	Asia	0.00143501435014
1	Isolation	rectal wound	0.000205002050021
1	Isolation	feces	0.0227552275523
1	Isolation	nd	0.0619106191062
1	Isolation	blood	0.000205002050021
1	Isolation	human	0.914924149241
3	Pathotype	expec	0.590291262136
3	Pathotype	nd	0.407766990291
3	Pathotype	upec	0.00194174757282
3	ST	5274	0.00194174757282
3	ST	5253	0.00194174757282
3	ST	1979	0.00194174757282
3	ST	1618	0.00776699029126
3	ST	5546	0.00194174757282
3	ST	1154	0.00388349514563
3	ST	5369	0.00194174757282
3	ST	968	0.00194174757282
3	ST	5316	0.00582524271845
3	ST	5242	0.00194174757282
3	ST	74	0.00388349514563
3	ST	73	0.935922330097
3	ST	2013	0.00194174757282
3	ST	4862	0.00194174757282
3	ST	5561	0.00194174757282
3	ST	1663	0.00194174757282
3	ST	104	0.0135922330097
3	ST	73~	0.00776699029126
3	Country	united states	0.145631067961
3	Country	singapore	0.00194174757282
3	Country	denmark	0.106796116505
3	Country	zambia	0.00194174757282
3	Country	nd	0.0291262135922
3	Country	united kingdom	0.66213592233
3	Country	sweden	0.052427184466
3	Year	1985	0.031067961165
3	Year	1982	0.00582524271845
3	Year	nd	0.12427184466
3	Year	2018	0.0116504854369
3	Year	2015	0.0699029126214
3	Year	2017	0.00582524271845
3	Year	2016	0.0504854368932
3	Year	2011	0.052427184466
3	Year	2010	0.0776699029126
3	Year	2012	0.0233009708738
3	Year	2003-2006	0.00388349514563
3	Year	1934	0.00388349514563
3	Year	1992	0.00194174757282
3	Year	1995	0.0349514563107
3	Year	1994	0.00194174757282
3	Year	1997	0.00776699029126
3	Year	1996	0.0135922330097
3	Year	1999	0.00194174757282
3	Year	2002	0.0427184466019
3	Year	2003	0.0718446601942
3	Year	2001	0.0233009708738
3	Year	2006	0.0349514563107
3	Year	2007	0.0407766990291
3	Year	2004	0.0854368932039
3	Year	2005	0.0601941747573
3	Year	2008	0.0582524271845
3	Year	2009	0.0601941747573
3	MASH	5	1.0
3	Continent	Europe	0.821359223301
3	Continent	North America	0.145631067961
3	Continent	Africa	0.00194174757282
3	Continent	nd	0.0291262135922
3	Continent	Asia	0.00194174757282
3	Isolation	urine	0.141747572816
3	Isolation	feces	0.0116504854369
3	Isolation	nd	0.0271844660194
3	Isolation	blood	0.640776699029
3	Isolation	human	0.178640776699
2	Pathotype	expec	0.422396856582
2	Pathotype	nd	0.577603143418
2	ST	5387	0.00098231827112
2	ST	131~	0.00294695481336
2	ST	5630	0.00098231827112
2	ST	131	0.992141453831
2	ST	5468	0.00098231827112
2	ST	5642	0.00196463654224
2	Country	canada	0.0147347740668
2	Country	united states	0.109037328094
2	Country	australia	0.0216110019646
2	Country	denmark	0.0117878192534
2	Country	nd	0.0923379174853
2	Country	united kingdom	0.720039292731
2	Country	germany	0.0049115913556
2	Country	india	0.00098231827112
2	Country	new zealand	0.0049115913556
2	Country	spain	0.0196463654224
2	Year	1985	0.00098231827112
2	Year	2016	0.0294695481336
2	Year	2017	0.00392927308448
2	Year	nd	0.098231827112
2	Year	2018	0.00196463654224
2	Year	2002	0.0049115913556
2	Year	2003	0.0235756385069
2	Year	2000	0.00098231827112
2	Year	2001	0.00098231827112
2	Year	2006	0.0422396856582
2	Year	2007	0.0471512770138
2	Year	2004	0.0383104125737
2	Year	2005	0.041257367387
2	Year	2015	0.032416502947
2	Year	2014	0.285854616896
2	Year	2008	0.0530451866405
2	Year	2009	0.0884086444008
2	Year	2011	0.0677799607073
2	Year	2010	0.098231827112
2	Year	2013	0.0127701375246
2	Year	2012	0.0275049115914
2	MASH	2	1.0
2	Continent	Europe	0.756385068762
2	Continent	North America	0.123772102161
2	Continent	Oceania	0.0265225933202
2	Continent	nd	0.0923379174853
2	Continent	Asia	0.00098231827112
2	Isolation	sputum	0.00392927308448
2	Isolation	rectal	0.00196463654224
2	Isolation	urine	0.194499017682
2	Isolation	surgical wound - nosocomial 	0.00098231827112
2	Isolation	nd	0.016699410609
2	Isolation	wound	0.00098231827112
2	Isolation	peritoneal fluid - nosocomial 	0.00098231827112
2	Isolation	abdominal abscess - nosocomial 	0.00098231827112
2	Isolation	feces	0.277013752456
2	Isolation	blood	0.429273084479
2	Isolation	human	0.0677799607073
2	Isolation	rectal swab	0.00392927308448
2	Isolation	surgical wound nosocomial 	0.00098231827112
5	Pathotype	nd	0.981060606061
5	Pathotype	non-o157ehec/epec	0.00757575757576
5	Pathotype	epec	0.0113636363636
5	ST	3~	0.00378787878788
5	ST	386~	0.0189393939394
5	ST	17	0.776515151515
5	ST	6346	0.00378787878788
5	ST	1967	0.0984848484848
5	ST	1786	0.00378787878788
5	ST	17~	0.030303030303
5	ST	8293	0.00378787878788
5	ST	7216	0.00378787878788
5	ST	386	0.0530303030303
5	ST	376	0.00378787878788
5	Country	canada	0.00378787878788
5	Country	united kingdom	0.390151515152
5	Country	nd	0.00757575757576
5	Country	united states	0.560606060606
5	Country	germany	0.00378787878788
5	Country	guinea-bissau	0.00757575757576
5	Country	kenya	0.00378787878788
5	Country	paraguay	0.00378787878788
5	Country	japan	0.00757575757576
5	Country	argentina	0.0113636363636
5	Year	1993	0.00757575757576
5	Year	2009	0.0340909090909
5	Year	1999	0.00378787878788
5	Year	nd	0.204545454545
5	Year	2007	0.00378787878788
5	Year	2003	0.00378787878788
5	Year	2001	0.0113636363636
5	Year	2006	0.00378787878788
5	Year	2018	0.0340909090909
5	Year	2004	0.00378787878788
5	Year	2005	0.00378787878788
5	Year	2015	0.261363636364
5	Year	2014	0.0189393939394
5	Year	2008	0.0113636363636
5	Year	2016	0.151515151515
5	Year	2017	0.136363636364
5	Year	2013	0.0871212121212
5	Year	2012	0.0189393939394
5	MASH	7	1.0
5	Continent	Europe	0.393939393939
5	Continent	nd	0.00757575757576
5	Continent	Africa	0.0113636363636
5	Continent	Asia	0.00757575757576
5	Continent	North America	0.564393939394
5	Continent	South America	0.0151515151515
5	Isolation	age: 10-19	0.00378787878788
5	Isolation	feces	0.287878787879
5	Isolation	nd	0.0416666666667
5	Isolation	human	0.662878787879
5	Isolation	clinical	0.00378787878788
4	Pathotype	expec	0.561445783133
4	Pathotype	nd	0.436144578313
4	Pathotype	upec	0.00240963855422
4	ST	421~	0.00481927710843
4	ST	2619	0.00481927710843
4	ST	5661	0.00240963855422
4	ST	390	0.0144578313253
4	ST	5526	0.00240963855422
4	ST	5646	0.00481927710843
4	ST	5357	0.00481927710843
4	ST	416	0.0578313253012
4	ST	421	0.033734939759
4	ST	1231	0.00481927710843
4	ST	5461	0.00240963855422
4	ST	5678	0.00240963855422
4	ST	5484	0.00240963855422
4	ST	95	0.797590361446
4	ST	79	0.0120481927711
4	ST	5407	0.00240963855422
4	ST	5360	0.00481927710843
4	ST	95~	0.0289156626506
4	ST	5425	0.00481927710843
4	ST	5422	0.00240963855422
4	ST	643	0.00240963855422
4	ST	1531	0.00240963855422
4	Country	canada	0.00240963855422
4	Country	united states	0.265060240964
4	Country	saudi arabia	0.00240963855422
4	Country	denmark	0.103614457831
4	Country	finland	0.00240963855422
4	Country	nd	0.0168674698795
4	Country	france	0.00481927710843
4	Country	united kingdom	0.571084337349
4	Country	sweden	0.0313253012048
4	Year	2000s	0.00240963855422
4	Year	1987	0.00240963855422
4	Year	1985	0.0289156626506
4	Year	nd	0.192771084337
4	Year	1947	0.00240963855422
4	Year	2018	0.00481927710843
4	Year	2015	0.0578313253012
4	Year	2017	0.021686746988
4	Year	2016	0.101204819277
4	Year	2011	0.0722891566265
4	Year	2010	0.0530120481928
4	Year	2013	0.00240963855422
4	Year	2012	0.0289156626506
4	Year	1932	0.00481927710843
4	Year	1991	0.00240963855422
4	Year	1993	0.00240963855422
4	Year	1992	0.00240963855422
4	Year	1995	0.0144578313253
4	Year	1997	0.00240963855422
4	Year	1996	0.0144578313253
4	Year	1999	0.00481927710843
4	Year	1976	0.00240963855422
4	Year	2002	0.021686746988
4	Year	2003	0.0722891566265
4	Year	2001	0.0192771084337
4	Year	2006	0.0433734939759
4	Year	2007	0.0481927710843
4	Year	2004	0.0602409638554
4	Year	2005	0.0433734939759
4	Year	2008	0.0289156626506
4	Year	2009	0.0409638554217
4	MASH	625	0.00240963855422
4	MASH	6	0.997590361446
4	Continent	Europe	0.713253012048
4	Continent	North America	0.267469879518
4	Continent	nd	0.0168674698795
4	Continent	Asia	0.00240963855422
4	Isolation	nd	0.0289156626506
4	Isolation	feces	0.0795180722892
4	Isolation	urine	0.173493975904
4	Isolation	blood	0.544578313253
4	Isolation	human	0.173493975904
7	Pathotype	expec	0.558974358974
7	Pathotype	nd	0.441025641026
7	ST	5355	0.00512820512821
7	ST	5639	0.00512820512821
7	ST	597	0.0102564102564
7	ST	5520	0.00512820512821
7	ST	2020	0.0102564102564
7	ST	69	0.933333333333
7	ST	106	0.0307692307692
7	Country	united kingdom	0.579487179487
7	Country	denmark	0.215384615385
7	Country	nd	0.0410256410256
7	Country	united states	0.158974358974
7	Country	mexico	0.00512820512821
7	Year	2016	0.0410256410256
7	Year	1999	0.0102564102564
7	Year	nd	0.123076923077
7	Year	2018	0.0102564102564
7	Year	1988	0.00512820512821
7	Year	2002	0.0153846153846
7	Year	2003	0.0871794871795
7	Year	1985	0.0153846153846
7	Year	2006	0.0461538461538
7	Year	2007	0.0410256410256
7	Year	2004	0.107692307692
7	Year	2005	0.0461538461538
7	Year	2015	0.0769230769231
7	Year	2017	0.0153846153846
7	Year	2008	0.0512820512821
7	Year	2009	0.0769230769231
7	Year	2011	0.0666666666667
7	Year	2010	0.123076923077
7	Year	2013	0.00512820512821
7	Year	2012	0.0358974358974
7	MASH	9	1.0
7	Continent	Europe	0.794871794872
7	Continent	North America	0.164102564103
7	Continent	nd	0.0410256410256
7	Isolation	feces	0.0153846153846
7	Isolation	urine	0.0820512820513
7	Isolation	blood	0.671794871795
7	Isolation	human	0.230769230769
6	Pathotype	stec	0.124
6	Pathotype	nd	0.84
6	Pathotype	non-o157ehec	0.008
6	Pathotype	non-o157ehec/epec	0.024
6	Pathotype	epec	0.004
6	ST	5429	0.004
6	ST	21	0.848
6	ST	6277	0.004
6	ST	29	0.104
6	ST	5555	0.004
6	ST	723	0.016
6	ST	113	0.004
6	ST	8275	0.004
6	ST	6366	0.008
6	ST	396	0.004
6	Country	canada	0.004
6	Country	united kingdom	0.292
6	Country	australia	0.004
6	Country	italy	0.008
6	Country	denmark	0.008
6	Country	nd	0.008
6	Country	united states	0.636
6	Country	germany	0.02
6	Country	kenya	0.004
6	Country	japan	0.008
6	Country	india	0.008
6	Year	1993	0.004
6	Year	2009	0.012
6	Year	1996	0.012
6	Year	1999	0.004
6	Year	1998	0.004
6	Year	nd	0.32
6	Year	2018	0.004
6	Year	1977	0.004
6	Year	2000	0.008
6	Year	2001	0.012
6	Year	2007	0.008
6	Year	2017	0.004
6	Year	2005	0.004
6	Year	2015	0.248
6	Year	2014	0.008
6	Year	2008	0.004
6	Year	2016	0.164
6	Year	2011	0.008
6	Year	2010	0.016
6	Year	2013	0.096
6	Year	2012	0.056
6	MASH	3	1.0
6	Continent	Europe	0.328
6	Continent	Oceania	0.004
6	Continent	nd	0.008
6	Continent	Africa	0.004
6	Continent	Asia	0.016
6	Continent	North America	0.64
6	Isolation	nd	0.032
6	Isolation	not stated	0.004
6	Isolation	urine	0.004
6	Isolation	age: 0-4	0.004
6	Isolation	feces	0.404
6	Isolation	human	0.524
6	Isolation	clinical	0.024
6	Isolation	age: 20-29	0.004
9	Pathotype	nd	1.0
9	ST	6267	0.0123456790123
9	ST	33~	0.0987654320988
9	ST	5413	0.00617283950617
9	ST	33	0.87037037037
9	ST	5365	0.00617283950617
9	ST	8269	0.00617283950617
9	Country	united kingdom	0.981481481481
9	Country	united states	0.0185185185185
9	Year	nd	0.104938271605
9	Year	2000	0.00617283950617
9	Year	2018	0.185185185185
9	Year	2015	0.148148148148
9	Year	2014	0.0185185185185
9	Year	2017	0.148148148148
9	Year	2016	0.388888888889
9	MASH	10	1.0
9	Continent	Europe	0.981481481481
9	Continent	North America	0.0185185185185
9	Isolation	feces	0.00617283950617
9	Isolation	nd	0.0802469135802
9	Isolation	human	0.913580246914
8	Pathotype	nd	1.0
8	ST	442~	0.0502793296089
8	ST	7714	0.0391061452514
8	ST	442	0.871508379888
8	ST	829	0.0111731843575
8	ST	7026	0.0111731843575
8	ST	5496	0.00558659217877
8	ST	8270	0.0111731843575
8	Country	united kingdom	0.798882681564
8	Country	united states	0.201117318436
8	Year	1996	0.00558659217877
8	Year	nd	0.100558659218
8	Year	2018	0.0782122905028
8	Year	2015	0.134078212291
8	Year	2014	0.0111731843575
8	Year	2017	0.184357541899
8	Year	2016	0.480446927374
8	Year	2013	0.00558659217877
8	MASH	8	1.0
8	Continent	Europe	0.798882681564
8	Continent	North America	0.201117318436
8	Isolation	ammotragus lervia, aoudad-rectum	0.00558659217877
8	Isolation	feces	0.167597765363
8	Isolation	nd	0.0670391061453
8	Isolation	human	0.759776536313
39	Pathotype	nd	1.0
39	ST	655	1.0
39	Country	united states	0.566666666667
39	Country	united kingdom	0.333333333333
39	Country	argentina	0.0333333333333
39	Country	japan	0.0666666666667
39	Year	1997	0.0333333333333
39	Year	1998	0.0666666666667
39	Year	nd	0.4
39	Year	2002	0.0333333333333
39	Year	2007	0.0333333333333
39	Year	2015	0.266666666667
39	Year	2016	0.0666666666667
39	Year	2010	0.0333333333333
39	Year	2013	0.0666666666667
39	MASH	55	1.0
39	Continent	North America	0.566666666667
39	Continent	Europe	0.333333333333
39	Continent	South America	0.0333333333333
39	Continent	Asia	0.0666666666667
39	Isolation	feces	0.233333333333
39	Isolation	nd	0.0666666666667
39	Isolation	human	0.666666666667
39	Isolation	age: 20-29	0.0333333333333
12	Pathotype	expec	0.0325203252033
12	Pathotype	etec	0.00813008130081
12	Pathotype	nd	0.829268292683
12	Pathotype	epec	0.130081300813
12	ST	10	0.788617886179
12	ST	5353	0.0243902439024
12	ST	4305	0.0650406504065
12	ST	5543	0.00813008130081
12	ST	43	0.0650406504065
12	ST	5339	0.00813008130081
12	ST	5325	0.00813008130081
12	ST	10~	0.0162601626016
12	ST	8280	0.00813008130081
12	ST	5332	0.00813008130081
12	Country	united states	0.0569105691057
12	Country	saudi arabia	0.00813008130081
12	Country	italy	0.0243902439024
12	Country	denmark	0.0569105691057
12	Country	gambia	0.0162601626016
12	Country	nd	0.0162601626016
12	Country	the gambia	0.00813008130081
12	Country	united kingdom	0.682926829268
12	Country	sweden	0.0243902439024
12	Country	india	0.00813008130081
12	Country	mozambique	0.0162601626016
12	Country	mali	0.0162601626016
12	Country	kenya	0.0243902439024
12	Country	argentina	0.0325203252033
12	Country	bolivia	0.00813008130081
12	Year	1991	0.00813008130081
12	Year	1985	0.0162601626016
12	Year	1995	0.0325203252033
12	Year	2003	0.0162601626016
12	Year	nd	0.235772357724
12	Year	2009	0.0162601626016
12	Year	2002	0.00813008130081
12	Year	2008-2012	0.00813008130081
12	Year	south america	0.00813008130081
12	Year	2018	0.0325203252033
12	Year	2017	0.0569105691057
12	Year	2015	0.292682926829
12	Year	2008	0.0569105691057
12	Year	2016	0.138211382114
12	Year	2010	0.0569105691057
12	Year	2013	0.0162601626016
12	MASH	4	1.0
12	Continent	Europe	0.788617886179
12	Continent	Africa	0.0813008130081
12	Continent	nd	0.0162601626016
12	Continent	Asia	0.0162601626016
12	Continent	North America	0.0569105691057
12	Continent	South America	0.0406504065041
12	Isolation	urine	0.0406504065041
12	Isolation	feces	0.178861788618
12	Isolation	nd	0.154471544715
12	Isolation	blood	0.0406504065041
12	Isolation	human	0.585365853659
11	Pathotype	expec	0.583333333333
11	Pathotype	nd	0.416666666667
11	ST	5417	0.00757575757576
11	ST	5364	0.00757575757576
11	ST	127~	0.0151515151515
11	ST	5370	0.0151515151515
11	ST	5457	0.00757575757576
11	ST	5337	0.0227272727273
11	ST	127	0.924242424242
11	Country	united states	0.333333333333
11	Country	united kingdom	0.507575757576
11	Country	sweden	0.0681818181818
11	Country	nd	0.030303030303
11	Country	denmark	0.0606060606061
11	Year	1980s	0.0151515151515
11	Year	1985	0.00757575757576
11	Year	nd	0.340909090909
11	Year	2015	0.0984848484848
11	Year	2017	0.030303030303
11	Year	2016	0.030303030303
11	Year	2011	0.0227272727273
11	Year	2010	0.0454545454545
11	Year	2012	0.0378787878788
11	Year	1992	0.0151515151515
11	Year	1995	0.030303030303
11	Year	1997	0.00757575757576
11	Year	1996	0.030303030303
11	Year	2002	0.0151515151515
11	Year	2003	0.0606060606061
11	Year	2001	0.0227272727273
11	Year	2006	0.0530303030303
11	Year	2007	0.0378787878788
11	Year	2004	0.0227272727273
11	Year	2005	0.00757575757576
11	Year	2008	0.0227272727273
11	Year	2009	0.0454545454545
11	MASH	15	1.0
11	Continent	Europe	0.636363636364
11	Continent	North America	0.333333333333
11	Continent	nd	0.030303030303
11	Isolation	nd	0.030303030303
11	Isolation	feces	0.0378787878788
11	Isolation	urine	0.378787878788
11	Isolation	blood	0.386363636364
11	Isolation	human	0.166666666667
10	Pathotype	nd	0.974522292994
10	Pathotype	epec	0.0254777070064
10	ST	32	0.885350318471
10	ST	6130	0.0127388535032
10	ST	137	0.0636942675159
10	ST	32~	0.0254777070064
10	ST	7031	0.0127388535032
10	Country	united states	0.15923566879
10	Country	united kingdom	0.815286624204
10	Country	the gambia	0.0127388535032
10	Country	denmark	0.0127388535032
10	Year	1998	0.00636942675159
10	Year	nd	0.133757961783
10	Year	2008-2012	0.0127388535032
10	Year	2006	0.00636942675159
10	Year	2018	0.0191082802548
10	Year	2004	0.0127388535032
10	Year	2015	0.0891719745223
10	Year	2014	0.00636942675159
10	Year	2017	0.414012738854
10	Year	2016	0.254777070064
10	Year	2010	0.0127388535032
10	Year	2012	0.031847133758
10	MASH	11	1.0
10	Continent	North America	0.15923566879
10	Continent	Europe	0.828025477707
10	Continent	Africa	0.0127388535032
10	Isolation	feces	0.0764331210191
10	Isolation	nd	0.0573248407643
10	Isolation	human	0.866242038217
13	Pathotype	expec	0.578512396694
13	Pathotype	nd	0.413223140496
13	Pathotype	upec	0.00826446280992
13	ST	12	0.925619834711
13	ST	4702	0.00826446280992
13	ST	5389	0.00826446280992
13	ST	5604	0.00826446280992
13	ST	8303	0.00826446280992
13	ST	3352	0.00826446280992
13	ST	827	0.00826446280992
13	ST	12~	0.0165289256198
13	ST	961	0.00826446280992
13	Country	united states	0.198347107438
13	Country	denmark	0.0743801652893
13	Country	zambia	0.0165289256198
13	Country	nd	0.0330578512397
13	Country	united kingdom	0.619834710744
13	Country	sweden	0.0578512396694
13	Year	1985	0.0165289256198
13	Year	nd	0.181818181818
13	Year	2015	0.0743801652893
13	Year	2016	0.0247933884298
13	Year	2011	0.0495867768595
13	Year	2010	0.0826446280992
13	Year	2012	0.0578512396694
13	Year	1934	0.00826446280992
13	Year	1991	0.00826446280992
13	Year	1995	0.0330578512397
13	Year	1994	0.0165289256198
13	Year	1997	0.0165289256198
13	Year	1996	0.00826446280992
13	Year	2002	0.0413223140496
13	Year	2003	0.0578512396694
13	Year	2001	0.0330578512397
13	Year	2006	0.0578512396694
13	Year	2007	0.0330578512397
13	Year	2004	0.0826446280992
13	Year	2005	0.0165289256198
13	Year	2008	0.0413223140496
13	Year	2009	0.0578512396694
13	MASH	12	1.0
13	Continent	Europe	0.752066115702
13	Continent	North America	0.198347107438
13	Continent	Africa	0.0165289256198
13	Continent	nd	0.0330578512397
13	Isolation	urine	0.190082644628
13	Isolation	feces	0.0165289256198
13	Isolation	nd	0.0330578512397
13	Isolation	blood	0.586776859504
13	Isolation	human	0.173553719008
38	Pathotype	nd	1.0
38	ST	59~	0.0333333333333
38	ST	59	0.933333333333
38	ST	2618	0.0333333333333
38	Country	united kingdom	0.566666666667
38	Country	united states	0.0666666666667
38	Country	nd	0.366666666667
38	Year	nd	0.333333333333
38	Year	1932	0.133333333333
38	Year	1937	0.0666666666667
38	Year	2018	0.0333333333333
38	Year	1935	0.0666666666667
38	Year	1934	0.0333333333333
38	Year	2015	0.233333333333
38	Year	2017	0.0333333333333
38	Year	2016	0.0333333333333
38	Year	1939	0.0333333333333
38	MASH	19	1.0
38	Continent	Europe	0.566666666667
38	Continent	North America	0.0666666666667
38	Continent	nd	0.366666666667
38	Isolation	urine	0.0666666666667
38	Isolation	feces	0.0333333333333
38	Isolation	nd	0.5
38	Isolation	blood	0.0666666666667
38	Isolation	human	0.333333333333
15	Pathotype	nd	1.0
15	ST	25	0.69298245614
15	ST	4748	0.0877192982456
15	ST	8422	0.00877192982456
15	ST	6265~	0.0175438596491
15	ST	6265	0.00877192982456
15	ST	25~	0.0789473684211
15	ST	4748~	0.00877192982456
15	ST	811~	0.00877192982456
15	ST	811	0.0877192982456
15	Country	united kingdom	0.991228070175
15	Country	united states	0.00877192982456
15	Year	nd	0.0964912280702
15	Year	2018	0.105263157895
15	Year	2015	0.105263157895
15	Year	2014	0.00877192982456
15	Year	2017	0.271929824561
15	Year	2016	0.40350877193
15	Year	2011	0.00877192982456
15	MASH	13	1.0
15	Continent	Europe	0.991228070175
15	Continent	North America	0.00877192982456
15	Isolation	feces	0.00877192982456
15	Isolation	nd	0.0877192982456
15	Isolation	human	0.90350877193
14	Pathotype	nd	0.966101694915
14	Pathotype	non-o157ehec	0.0338983050847
14	ST	6628	0.00847457627119
14	ST	16	0.932203389831
14	ST	1792	0.0169491525424
14	ST	6248	0.00847457627119
14	ST	16~	0.0169491525424
14	ST	7861	0.00847457627119
14	ST	6208	0.00847457627119
14	Country	united states	0.677966101695
14	Country	united kingdom	0.305084745763
14	Country	japan	0.0169491525424
14	Year	2009	0.00847457627119
14	Year	1999	0.0169491525424
14	Year	1998	0.00847457627119
14	Year	nd	0.245762711864
14	Year	2001	0.0338983050847
14	Year	2018	0.0762711864407
14	Year	2015	0.254237288136
14	Year	2008	0.0169491525424
14	Year	2016	0.0932203389831
14	Year	2017	0.0762711864407
14	Year	2013	0.152542372881
14	Year	2012	0.0169491525424
14	MASH	3	1.0
14	Continent	North America	0.677966101695
14	Continent	Europe	0.305084745763
14	Continent	Asia	0.0169491525424
14	Isolation	clinical	0.00847457627119
14	Isolation	feces	0.296610169492
14	Isolation	nd	0.0423728813559
14	Isolation	human	0.652542372881
17	Pathotype	expec	0.479591836735
17	Pathotype	nd	0.520408163265
17	ST	14	0.265306122449
17	ST	1057	0.0510204081633
17	ST	1193	0.214285714286
17	ST	550	0.122448979592
17	ST	404	0.326530612245
17	ST	5669	0.0204081632653
17	Country	united kingdom	0.663265306122
17	Country	denmark	0.0612244897959
17	Country	sweden	0.030612244898
17	Country	nd	0.0408163265306
17	Country	united states	0.204081632653
17	Year	2016	0.183673469388
17	Year	1995	0.030612244898
17	Year	nd	0.163265306122
17	Year	2002	0.0204081632653
17	Year	2003	0.030612244898
17	Year	2001	0.0612244897959
17	Year	2006	0.0102040816327
17	Year	2007	0.0102040816327
17	Year	2004	0.0408163265306
17	Year	2005	0.030612244898
17	Year	2015	0.122448979592
17	Year	1985	0.0408163265306
17	Year	2008	0.0408163265306
17	Year	2009	0.030612244898
17	Year	2011	0.030612244898
17	Year	2010	0.0918367346939
17	Year	2013	0.0204081632653
17	Year	2012	0.0408163265306
17	MASH	16	1.0
17	Continent	Europe	0.755102040816
17	Continent	North America	0.204081632653
17	Continent	nd	0.0408163265306
17	Isolation	nd	0.0204081632653
17	Isolation	feces	0.0102040816327
17	Isolation	urine	0.122448979592
17	Isolation	blood	0.5
17	Isolation	human	0.34693877551
16	Pathotype	aeec/epec	0.178571428571
16	Pathotype	nd	0.794642857143
16	Pathotype	epec	0.0267857142857
16	ST	335	0.955357142857
16	ST	61	0.0178571428571
16	ST	7444	0.0267857142857
16	Country	united states	0.0625
16	Country	iran	0.0178571428571
16	Country	pakistan	0.00892857142857
16	Country	denmark	0.0357142857143
16	Country	united kingdom	0.830357142857
16	Country	germany	0.0178571428571
16	Country	mali	0.00892857142857
16	Country	sri lanka	0.0178571428571
16	Year	2009	0.00892857142857
16	Year	1979	0.0178571428571
16	Year	1965	0.0178571428571
16	Year	1966	0.0178571428571
16	Year	1974	0.00892857142857
16	Year	nd	0.107142857143
16	Year	1963	0.0178571428571
16	Year	2003	0.0178571428571
16	Year	1950	0.0178571428571
16	Year	2015	0.571428571429
16	Year	2014	0.0357142857143
16	Year	2017	0.0446428571429
16	Year	2016	0.107142857143
16	Year	2008	0.00892857142857
16	MASH	1	1.0
16	Continent	Europe	0.883928571429
16	Continent	North America	0.0625
16	Continent	Africa	0.00892857142857
16	Continent	Asia	0.0446428571429
16	Isolation	feces	0.205357142857
16	Isolation	nd	0.0357142857143
16	Isolation	human	0.758928571429
33	Pathotype	expec	0.432432432432
33	Pathotype	nd	0.540540540541
33	Pathotype	commensal	0.027027027027
33	ST	415	0.027027027027
33	ST	415~	0.027027027027
33	ST	59	0.945945945946
33	Country	united kingdom	0.72972972973
33	Country	denmark	0.135135135135
33	Country	argentina	0.027027027027
33	Country	sweden	0.027027027027
33	Country	united states	0.0810810810811
33	Year	2016	0.0810810810811
33	Year	1995	0.0810810810811
33	Year	nd	0.0540540540541
33	Year	1988	0.027027027027
33	Year	2002	0.0810810810811
33	Year	2003	0.027027027027
33	Year	2007	0.027027027027
33	Year	2004	0.0810810810811
33	Year	2005	0.027027027027
33	Year	2015	0.0540540540541
33	Year	2012	0.027027027027
33	Year	2017	0.108108108108
33	Year	2009	0.0810810810811
33	Year	2011	0.027027027027
33	Year	2010	0.189189189189
33	Year	2018	0.027027027027
33	MASH	19	1.0
33	Continent	Europe	0.891891891892
33	Continent	North America	0.0810810810811
33	Continent	South America	0.027027027027
33	Isolation	nd	0.0540540540541
33	Isolation	urine	0.0540540540541
33	Isolation	blood	0.459459459459
33	Isolation	human	0.432432432432
18	Pathotype	nd	1.0
18	ST	6880	0.123456790123
18	ST	5292	0.271604938272
18	ST	504~	0.0493827160494
18	ST	7641	0.0246913580247
18	ST	8384~	0.0123456790123
18	ST	504	0.518518518519
18	Country	united kingdom	1.0
18	Year	nd	0.0864197530864
18	Year	2018	0.148148148148
18	Year	2015	0.148148148148
18	Year	2014	0.0617283950617
18	Year	2017	0.20987654321
18	Year	2016	0.271604938272
18	Year	2013	0.0740740740741
18	MASH	17	1.0
18	Continent	Europe	1.0
18	Isolation	nd	0.0740740740741
18	Isolation	human	0.925925925926
31	Pathotype	expec	0.609756097561
31	Pathotype	nd	0.390243902439
31	ST	62	0.975609756098
31	ST	1810	0.0243902439024
31	Country	united states	0.292682926829
31	Country	tonga	0.0243902439024
31	Country	mexico	0.0243902439024
31	Country	denmark	0.0487804878049
31	Country	france	0.0487804878049
31	Country	united kingdom	0.512195121951
31	Country	sweden	0.0487804878049
31	Year	1985	0.0731707317073
31	Year	1995	0.0731707317073
31	Year	2011	0.0243902439024
31	Year	2012	0.0487804878049
31	Year	nd	0.219512195122
31	Year	1988	0.0243902439024
31	Year	2003	0.146341463415
31	Year	2000s	0.0243902439024
31	Year	2018	0.0243902439024
31	Year	2004	0.0487804878049
31	Year	2005	0.0487804878049
31	Year	1982	0.0243902439024
31	Year	2008	0.0487804878049
31	Year	2009	0.0243902439024
31	Year	1983-1985	0.0487804878049
31	Year	2010	0.0487804878049
31	Year	2007	0.0487804878049
31	MASH	42	1.0
31	Continent	Europe	0.658536585366
31	Continent	North America	0.317073170732
31	Continent	Oceania	0.0243902439024
31	Isolation	urine	0.0487804878049
31	Isolation	feces	0.0975609756098
31	Isolation	nd	0.0487804878049
31	Isolation	blood	0.634146341463
31	Isolation	human	0.170731707317
30	Pathotype	nd	1.0
30	ST	245	0.714285714286
30	ST	1024	0.166666666667
30	ST	5233	0.0238095238095
30	ST	1753	0.047619047619
30	ST	631	0.047619047619
30	Country	united kingdom	0.047619047619
30	Country	nd	0.952380952381
30	Year	1921	0.0952380952381
30	Year	1940	0.0238095238095
30	Year	nd	0.0238095238095
30	Year	1919	0.119047619048
30	Year	1918	0.357142857143
30	Year	1931	0.047619047619
30	Year	1924	0.0238095238095
30	Year	1925	0.047619047619
30	Year	1935	0.0714285714286
30	Year	1934	0.0714285714286
30	Year	2014	0.047619047619
30	Year	1932	0.047619047619
30	Year	1917	0.0238095238095
30	MASH	37	1.0
30	Continent	Europe	0.047619047619
30	Continent	nd	0.952380952381
30	Isolation	from prof. f. w. andrewes, obtained from tj¯tta	0.0238095238095
30	Isolation	feces	0.119047619048
30	Isolation	nd	0.809523809524
30	Isolation	human	0.047619047619
37	Pathotype	expec	0.65625
37	Pathotype	etec	0.03125
37	Pathotype	nd	0.3125
37	ST	964	0.03125
37	ST	405	0.96875
37	Country	united states	0.40625
37	Country	united kingdom	0.5
37	Country	bangladesh	0.03125
37	Country	denmark	0.0625
37	Year	1992	0.03125
37	Year	nd	0.34375
37	Year	asia	0.03125
37	Year	2002	0.03125
37	Year	2003	0.0625
37	Year	2001	0.09375
37	Year	2006	0.09375
37	Year	2007	0.03125
37	Year	2004	0.03125
37	Year	2015	0.0625
37	Year	2014	0.03125
37	Year	2009	0.03125
37	Year	2011	0.0625
37	Year	2013	0.03125
37	Year	2018	0.03125
37	MASH	26	1.0
37	Continent	North America	0.40625
37	Continent	Europe	0.5625
37	Continent	Asia	0.03125
37	Isolation	urine	0.0625
37	Isolation	feces	0.03125
37	Isolation	nd	0.0625
37	Isolation	blood	0.75
37	Isolation	human	0.09375
36	Pathotype	nd	1.0
36	ST	675	0.84375
36	ST	7953	0.03125
36	ST	675~	0.09375
36	ST	180~	0.03125
36	Country	united kingdom	1.0
36	Year	nd	0.09375
36	Year	2018	0.1875
36	Year	2015	0.375
36	Year	2014	0.03125
36	Year	2017	0.0625
36	Year	2016	0.25
36	MASH	25	1.0
36	Continent	Europe	1.0
36	Isolation	nd	0.0625
36	Isolation	human	0.9375
35	Pathotype	nd	1.0
35	ST	8053	0.0555555555556
35	ST	34~	0.0277777777778
35	ST	34	0.916666666667
35	Country	united kingdom	0.972222222222
35	Country	argentina	0.0277777777778
35	Year	2015	0.277777777778
35	Year	2017	0.138888888889
35	Year	2016	0.5
35	Year	nd	0.0277777777778
35	Year	2018	0.0555555555556
35	MASH	4	1.0
35	Continent	Europe	0.972222222222
35	Continent	South America	0.0277777777778
35	Isolation	feces	0.0277777777778
35	Isolation	human	0.972222222222
34	Pathotype	etec	0.0833333333333
34	Pathotype	nd	0.138888888889
34	Pathotype	epec	0.777777777778
34	ST	328~	0.166666666667
34	ST	328	0.805555555556
34	ST	5618	0.0277777777778
34	Country	pakistan	0.0277777777778
34	Country	bangladesh	0.0277777777778
34	Country	denmark	0.0555555555556
34	Country	india	0.138888888889
34	Country	united kingdom	0.138888888889
34	Country	the gambia	0.0555555555556
34	Country	mozambique	0.138888888889
34	Country	mali	0.0277777777778
34	Country	kenya	0.333333333333
34	Country	bolivia	0.0555555555556
34	Year	2016	0.0833333333333
34	Year	nd	0.111111111111
34	Year	asia	0.0277777777778
34	Year	2008-2012	0.277777777778
34	Year	south america	0.0555555555556
34	Year	2007	0.0277777777778
34	Year	2008	0.111111111111
34	Year	2009	0.194444444444
34	Year	2010	0.111111111111
34	MASH	36	1.0
34	Continent	Europe	0.194444444444
34	Continent	South America	0.0555555555556
34	Continent	Africa	0.555555555556
34	Continent	Asia	0.194444444444
34	Isolation	feces	0.861111111111
34	Isolation	nd	0.0555555555556
34	Isolation	human	0.0833333333333
19	Pathotype	expec	0.697368421053
19	Pathotype	nd	0.302631578947
19	ST	5476	0.0131578947368
19	ST	31~	0.0131578947368
19	ST	5412	0.0131578947368
19	ST	598	0.0131578947368
19	ST	31	0.105263157895
19	ST	393	0.815789473684
19	ST	1394	0.0263157894737
19	Country	united kingdom	0.526315789474
19	Country	denmark	0.0657894736842
19	Country	zambia	0.0131578947368
19	Country	nd	0.0394736842105
19	Country	united states	0.328947368421
19	Country	sweden	0.0131578947368
19	Country	guinea-bissau	0.0131578947368
19	Year	1985	0.0263157894737
19	Year	2016	0.0263157894737
19	Year	1993	0.0131578947368
19	Year	2017	0.0526315789474
19	Year	1995	0.0131578947368
19	Year	1994	0.0131578947368
19	Year	1997	0.0131578947368
19	Year	1981	0.0131578947368
19	Year	nd	0.25
19	Year	2002	0.0789473684211
19	Year	2003	0.0921052631579
19	Year	2001	0.0131578947368
19	Year	2006	0.0526315789474
19	Year	2007	0.0394736842105
19	Year	2004	0.0789473684211
19	Year	2015	0.0131578947368
19	Year	2014	0.0131578947368
19	Year	2008	0.0657894736842
19	Year	2009	0.0526315789474
19	Year	2010	0.0657894736842
19	Year	2012	0.0131578947368
19	MASH	22	1.0
19	Continent	Europe	0.605263157895
19	Continent	North America	0.328947368421
19	Continent	Africa	0.0263157894737
19	Continent	nd	0.0394736842105
19	Isolation	feces	0.0263157894737
19	Isolation	urine	0.0921052631579
19	Isolation	blood	0.763157894737
19	Isolation	human	0.118421052632
32	Pathotype	etec	0.025641025641
32	Pathotype	nd	0.974358974359
32	ST	200	1.0
32	Country	united kingdom	0.897435897436
32	Country	united states	0.025641025641
32	Country	sweden	0.025641025641
32	Country	indonesia	0.025641025641
32	Country	argentina	0.025641025641
32	Year	1996	0.025641025641
32	Year	nd	0.0769230769231
32	Year	asia	0.025641025641
32	Year	2018	0.0512820512821
32	Year	2015	0.0769230769231
32	Year	2017	0.102564102564
32	Year	2016	0.641025641026
32	MASH	29	1.0
32	Continent	Europe	0.923076923077
32	Continent	North America	0.025641025641
32	Continent	South America	0.025641025641
32	Continent	Asia	0.025641025641
32	Isolation	nd	0.025641025641
32	Isolation	feces	0.0512820512821
32	Isolation	urine	0.025641025641
32	Isolation	human	0.897435897436
